group_name,group_value,row_count,directional_called,directional_correct,directional_accuracy,coverage_within_export_set,bull_precision,bear_precision,neutral_rate,mean_s23,mean_s53,mean_slope_sum,mean_slope_magnitude,mean_fan_width,mean_alignment,mean_compression_velocity,mean_flip_score,mean_ratio_8_23_to_23_53,mean_slope_gap,collapse_flag_rate,weak_bull_exhaustion_flag_rate,weak_bear_exhaustion_flag_rate
directional_error_type,bull_called_bear_truth,17,17,0,0.0,0.09392265193370165,0.0,0.0,0.0,0.6547219198906961,0.39941303245209653,1.0541349523427925,1.4050943490770698,88.60660323227742,0.9411764705882353,22.989819116134587,0.20185947902949006,-3.5198963477982277,0.45903665667602206,0.0,0.0,0.058823529411764705
directional_error_type,bear_called_bull_truth,18,18,0,0.0,0.09944751381215469,0.0,0.0,0.0,-0.5403482615723382,-0.4813291381623357,-1.0216773997346738,1.0216773997346738,69.0458425554227,1.0,13.898476304098343,0.16027209356893163,0.5642374911167586,0.2399319891305317,0.0,0.0,0.0
directional_error_type,neutral_called_bull_truth,49,0,0,0.0,0.27071823204419887,0.0,0.0,1.0,-0.0951404111833004,0.07330828732268188,-0.02183212386061852,0.4109097621533191,29.629045971805272,0.0,-0.6874812023143393,0.13876995182000437,0.7786206519753412,0.4051622830935898,0.5714285714285714,0.2857142857142857,0.1836734693877551
directional_error_type,neutral_called_bear_truth,58,0,0,0.0,0.32044198895027626,0.0,0.0,1.0,0.1824989983160149,0.07184989641728894,0.25434889473330385,0.5214519637043097,30.36487094071219,0.0,-2.078056772828357,0.15020084110883292,-1.4950095612766678,0.31820814367573147,0.6551724137931034,0.3275862068965517,0.034482758620689655
directional_error_type,correct_bull,22,22,22,1.0,0.12154696132596685,1.0,0.0,0.0,0.5987975940566188,0.364695618182602,0.9634932122392208,0.9634932122392208,66.78587772327063,1.0,18.73792045682719,0.12888466021942716,-1.0134698842976237,0.37193198567357205,0.0,0.0,0.0
directional_error_type,correct_bear,17,17,17,1.0,0.09392265193370165,0.0,1.0,0.0,-0.6107350195773452,-0.4154948751273717,-1.026229894704717,1.026229894704717,71.03888715984067,1.0,14.019348149120239,0.15044171891412608,1.086400587190757,0.2960834513857716,0.0,0.0,0.0
directional_error_type,correct_neutral,0,0,0,0.0,0.0,0.0,0.0,0.0,0.0,0.0,0.0,0.0,0.0,0.0,0.0,0.0,0.0,0.0,0.0,0.0,0.0
v2_1_diagnostic_group,v2_1_wrong_bull_to_bear,17,17,0,0.0,0.0,0.0,0.0,0.0,0.6547219198906961,0.39941303245209653,1.0541349523427925,1.4050943490770698,88.60660323227742,0.9411764705882353,22.989819116134587,0.20185947902949006,-3.5198963477982277,0.45903665667602206,0.0,0.0,0.058823529411764705
v2_1_diagnostic_group,v2_1_correct_bull,22,22,22,1.0,0.0,1.0,0.0,0.0,0.5987975940566188,0.364695618182602,0.9634932122392208,0.9634932122392208,66.78587772327063,1.0,18.73792045682719,0.12888466021942716,-1.0134698842976237,0.37193198567357205,0.0,0.0,0.0
