model_id,epoch,next_epoch,timestamp,prediction,confidence,score,reason,truth,start_price,end_price,price_difference,round_current_timestamp,round_next_epoch_time,correct,directional_called,directional_correct,bull_called,bear_called,neutral_called,bull_called_bear_truth,bear_called_bull_truth,neutral_called_bull_truth,neutral_called_bear_truth,bull_called_neutral_truth,bear_called_neutral_truth,regime,run_direction,g8,g23,g38,g53,g68,g83,slope_g8,slope_g23,slope_g38,slope_g53,slope_g68,slope_g83,fan_width,fan_width_velocity,fan_width_acceleration,fan_order_score,g83_curvature,alignment,compression_velocity,flip_score,slope_sum,slope_magnitude,ratio_8_23_to_23_53,s23,s53,fan_width_raw,alignment_raw,compression_velocity_raw,flip_score_raw,slope_sign_s23,slope_sign_s53,slope_disagreement,slope_gap,abs_slope_sum,abs_compression_velocity,abs_flip_score,fan_to_slope_ratio,collapse_flag,weak_bull_exhaustion_flag,weak_bear_exhaustion_flag,possible_flip_zone,possible_run_zone,possible_transition_zone,fan_energy_total,fan_energy_ratio,fan_energy_velocity,fan_energy_acceleration,fan_sign_conflict,fan_energy_instability,hinge_gap,hinge_velocity,hinge_conflict,hinge_torsion,snap_divergence,snap_velocity,snap_score,phase_alignment,phase_strength,phase_velocity,fan_phase_score,directional_error_type,truth_direction_group,prediction_direction_group
trend_method_v2_0,320482,320483,2026-03-08T22:58:37.108215,Bear,1.0,-0.7714053834079095,regime=RUN|slope_sum=-0.771405,Bull,66569.16,66630.13,60.97,03/08/2026  10:54:03 PM,03/08/2026  10:58:51 PM,False,True,False,False,True,False,False,True,False,False,False,False,RUN,Bear,,,,,,,,-0.5587149838975165,,-0.21269039951039304,,,,,,,,1.0,5.463240995290107,0.10973074412766093,-0.7714053834079095,0.7714053834079095,0.6245907732640698,-0.5587149838975165,-0.21269039951039304,39.17893388235825,1.0,5.463240995290107,0.10973074412766093,-1,-1,False,0.34602458438712347,0.7714053834079095,5.463240995290107,0.10973074412766093,50.789033529003675,False,False,False,True,True,False,0.7714053834079095,2.626893292709317,0.425051010095558,0.28059152864079806,False,0.2897127740691822,,,False,,,,,,0.7714053834079095,,,bear_called_bull_truth,Bull,Bear
trend_method_v2_0,320483,320484,2026-03-08T23:03:38.085567,Bull,1.0,2.267938303657502,regime=RUN|slope_sum=2.267938,Bear,66630.13,66570.15,-59.98,03/08/2026  10:59:05 PM,03/08/2026  11:03:52 PM,False,True,False,True,False,False,True,False,False,False,False,False,RUN,Bull,,,,,,,,1.1706706905715691,,1.0972676130859327,,,,,,,,1.0,16.616087694084854,0.5095094119284544,2.267938303657502,2.267938303657502,-0.3513397587695664,1.1706706905715691,1.0972676130859327,150.32322416818351,1.0,16.616087694084854,0.5095094119284544,1,1,False,0.07340307748563646,2.267938303657502,16.616087694084854,0.5095094119284544,66.28188426720313,False,False,False,True,True,False,2.267938303657502,1.0668962399055952,1.4965329202495923,1.0714819101540343,False,0.2064731106103953,,,False,,,,,,2.267938303657502,,,bull_called_bear_truth,Bear,Bull
trend_method_v2_0,320487,320488,2026-03-08T23:23:42.122106,Bear,1.0,-1.939758386082758,regime=RUN|slope_sum=-1.939758,Bull,67335.65,67481.95,146.3,03/08/2026  11:19:09 PM,03/08/2026  11:23:56 PM,False,True,False,False,True,False,False,True,False,False,False,False,RUN,Bear,,,,,,,,-0.7815602952832705,,-1.1581980907994875,,,,,,,,1.0,11.908568206330528,0.3178776368067787,-1.939758386082758,1.939758386082758,0.3239391552755062,-0.7815602952832705,-1.1581980907994875,143.876158557061,1.0,11.908568206330528,0.3178776368067787,-1,-1,False,0.376637795516217,1.939758386082758,11.908568206330528,0.3178776368067787,74.17220597644197,False,False,False,True,True,False,1.939758386082758,0.6748071003499675,1.7485744733567117,2.9671842787156493,False,0.16116652483953764,,,False,,,,,,1.939758386082758,,,bear_called_bull_truth,Bull,Bear
trend_method_v2_0,320497,320498,2026-03-09T00:13:57.107097,Bear,1.0,-0.35292834710344323,regime=RUN|slope_sum=-0.352928,Bull,67215.02,67226.72,11.7,03/09/2026  12:09:24 AM,03/09/2026  12:14:11 AM,False,True,False,False,True,False,False,True,False,False,False,False,RUN,Bear,,,,,,,,-0.21608436218593852,,-0.1368439849175047,,,,,,,,1.0,5.470177979208529,0.08901897707685183,-0.35292834710344323,0.35292834710344323,0.5017817345528071,-0.21608436218593852,-0.1368439849175047,23.831193382226047,1.0,5.470177979208529,0.08901897707685183,-1,-1,False,0.0792403772684338,0.35292834710344323,5.470177979208529,0.08901897707685183,67.52416907798322,False,False,False,True,True,False,0.35292834710344323,1.5790563415425474,-0.015220171200780896,-0.12902676428711857,False,0.2836125420116087,,,False,,,,,,0.35292834710344323,,,bear_called_bull_truth,Bull,Bear
trend_method_v2_0,320501,320502,2026-03-09T00:34:03.097322,Bear,1.0,-0.4563180748191371,regime=RUN|slope_sum=-0.456318,Bull,67351.89,67608.0,256.11,03/09/2026  12:29:28 AM,03/09/2026  12:34:17 AM,False,True,False,False,True,False,False,True,False,False,False,False,RUN,Bear,,,,,,,,-0.23891362324138754,,-0.21740445157774957,,,,,,,,1.0,13.376945549753145,0.024113792875626427,-0.4563180748191371,0.4563180748191371,0.8673477703888139,-0.23891362324138754,-0.21740445157774957,30.270101396206883,1.0,13.376945549753145,0.024113792875626427,-1,-1,False,0.02150917166363797,0.4563180748191371,13.376945549753145,0.024113792875626427,66.33553011943373,False,False,False,False,True,False,0.4563180748191371,1.0989362062622978,-0.2870875116859679,-0.2666318763349409,False,0.2894168342932112,,,False,,,,,,0.4563180748191371,,,bear_called_bull_truth,Bull,Bear
trend_method_v2_0,320504,320505,2026-03-09T00:49:07.121225,Bear,1.0,-0.5049436523258919,regime=RUN|slope_sum=-0.504944,Bull,67488.32,67508.0,19.68,03/09/2026  12:44:32 AM,03/09/2026  12:49:21 AM,False,True,False,False,True,False,False,True,False,False,False,False,RUN,Bear,,,,,,,,-0.276467378003872,,-0.2284762743220199,,,,,,,,1.0,9.581767399125965,0.08325383251718624,-0.5049436523258919,0.5049436523258919,0.4869596759862586,-0.276467378003872,-0.2284762743220199,31.750018525184714,1.0,9.581767399125965,0.08325383251718624,-1,-1,False,0.04799110368185211,0.5049436523258919,9.581767399125965,0.08325383251718624,62.87833974927003,False,False,False,True,True,False,0.5049436523258919,1.2100485217743542,0.11478041359987401,-0.15109672399739793,False,0.2643375158547797,,,False,,,,,,0.5049436523258919,,,bear_called_bull_truth,Bull,Bear
trend_method_v2_0,320510,320511,2026-03-09T01:19:14.096216,Bull,1.0,0.5165716427181906,regime=RUN|slope_sum=0.516572,Bear,67169.18,67160.36,-8.82,03/09/2026  01:14:40 AM,03/09/2026  01:19:28 AM,False,True,False,True,False,False,True,False,False,False,False,False,RUN,Bull,,,,,,,,0.37545206642971607,,0.1411195762884745,,,,,,,,1.0,7.747599671216449,0.030084397712960786,0.5165716427181906,0.5165716427181906,-0.9560892938306024,0.37545206642971607,0.1411195762884745,27.878105448864517,1.0,7.747599671216449,0.030084397712960786,1,1,False,0.23433249014124158,0.5165716427181906,7.747599671216449,0.030084397712960786,53.96754901637735,False,False,False,False,True,False,0.5165716427181906,2.6605243319482668,0.26895726244219986,0.2748510787241685,False,0.2907260371119825,,,False,,,,,,0.5165716427181906,,,bull_called_bear_truth,Bear,Bull
trend_method_v2_0,320514,320515,2026-03-09T01:39:20.097246,Bear,1.0,-0.2812982568375446,regime=RUN|slope_sum=-0.281298,Bull,67382.07,67628.91,246.84,03/09/2026  01:34:46 AM,03/09/2026  01:39:34 AM,False,True,False,False,True,False,False,True,False,False,False,False,RUN,Bear,,,,,,,,-0.13381115328957094,,-0.14748710354797367,,,,,,,,1.0,4.954490854346659,0.05125017556669524,-0.2812982568375446,0.2812982568375446,1.5530647611019537,-0.13381115328957094,-0.14748710354797367,22.069604089134373,1.0,4.954490854346659,0.05125017556669524,-1,-1,False,0.013675950258402736,0.2812982568375446,4.954490854346659,0.05125017556669524,78.45624191649368,False,False,False,True,True,False,0.2812982568375446,0.9072735857616574,-1.097863934281122,-1.580749104025017,False,0.4902765481648179,,,False,,,,,,0.2812982568375446,,,bear_called_bull_truth,Bull,Bear
trend_method_v2_0,320519,320520,2026-03-09T02:04:27.123063,Bear,1.0,-0.8237530260412314,regime=RUN|slope_sum=-0.823753,Bull,67888.8,67904.11,15.31,03/09/2026  01:59:53 AM,03/09/2026  02:04:41 AM,False,True,False,False,True,False,False,True,False,False,False,False,RUN,Bear,,,,,,,,-0.43290828449607943,,-0.3908447415451519,,,,,,,,1.0,4.052619439025875,0.1422855641878587,-0.8237530260412314,0.8237530260412314,0.371191720671657,-0.43290828449607943,-0.3908447415451519,52.79528790495533,1.0,4.052619439025875,0.1422855641878587,-1,-1,False,0.04206354295092751,0.8237530260412314,4.052619439025875,0.1422855641878587,64.09116110768953,False,False,False,True,True,False,0.8237530260412314,1.107622128379251,0.4152645252561342,1.2397033676625142,False,0.2102126587997073,,,False,,,,,,0.8237530260412314,,,bear_called_bull_truth,Bull,Bear
trend_method_v2_0,320532,320533,2026-03-09T03:09:43.131070,Bull,1.0,0.4898951270552061,regime=RUN|slope_sum=0.489895,Bear,67253.18,67170.23,-82.95,03/09/2026  03:05:09 AM,03/09/2026  03:09:57 AM,False,True,False,True,False,False,True,False,False,False,False,False,RUN,Bull,,,,,,,,0.32062678098736797,,0.16926834606783814,,,,,,,,1.0,17.91288443490339,0.02897860019293147,0.4898951270552061,0.4898951270552061,-1.529838882495506,0.32062678098736797,0.16926834606783814,33.08296431940107,1.0,17.91288443490339,0.02897860019293147,1,1,False,0.15135843491952983,0.4898951270552061,17.91288443490339,0.02897860019293147,67.53070706839867,False,False,False,False,True,False,0.4898951270552061,1.894192200937968,-0.3837789435801824,-1.1683184203557175,False,0.5617921781869339,,,False,,,,,,0.4898951270552061,,,bull_called_bear_truth,Bear,Bull
trend_method_v2_0,320534,320535,2026-03-09T03:19:47.124910,Bull,1.0,-2.9831548722413572,regime=REVERSAL|slope_sum=-2.983155,Bear,67245.98,67196.58,-49.4,03/09/2026  03:15:12 AM,03/09/2026  03:20:01 AM,False,True,False,True,False,False,True,False,False,False,False,False,REVERSAL,Bear,,,,,,,,-1.7849475454913772,,-1.19820732674998,,,,,,,,0.0,17.08135042761569,0.5491258430950221,-2.9831548722413572,2.9831548722413572,0.40831350465264166,-1.7849475454913772,-1.19820732674998,179.32730947858363,0.0,17.08135042761569,0.5491258430950221,-1,-1,False,0.5867402187413973,2.9831548722413572,17.08135042761569,0.5491258430950221,60.113308614060735,False,False,True,True,False,True,2.9831548722413572,1.4896817150441506,2.3672345301802125,2.241209315174274,False,0.2393368929116682,,,False,,,,,,2.9831548722413572,,,bull_called_bear_truth,Bear,Bull
trend_method_v2_0,320535,320536,2026-03-09T03:24:49.088164,Bull,1.0,0.9761385066467483,regime=RUN|slope_sum=0.976139,Bear,67196.58,66995.11,-201.47,03/09/2026  03:20:15 AM,03/09/2026  03:25:03 AM,False,True,False,True,False,False,True,False,False,False,False,False,RUN,Bull,,,,,,,,0.49513333997674636,,0.4810051666700019,,,,,,,,1.0,5.0062807847280055,0.24148163098101844,0.9761385066467483,0.9761385066467483,-0.29397851195632,0.49513333997674636,0.4810051666700019,60.05387122332468,1.0,5.0062807847280055,0.24148163098101844,1,1,False,0.01412817330674443,0.9761385066467483,5.0062807847280055,0.24148163098101844,61.5218750355654,False,False,False,True,True,False,0.9761385066467483,1.0293721861753664,-2.007016365594609,-4.374250895774821,False,0.502894706685689,,,False,,,,,,0.9761385066467483,,,bull_called_bear_truth,Bear,Bull
trend_method_v2_0,320543,320544,2026-03-09T04:04:59.090312,Bear,1.0,-0.4089901314382587,regime=RUN|slope_sum=-0.408990,Bull,67498.6,67547.52,48.92,03/09/2026  04:00:25 AM,03/09/2026  04:05:13 AM,False,True,False,False,True,False,False,True,False,False,False,False,RUN,Bear,,,,,,,,-0.1540119441524439,,-0.2549781872858148,,,,,,,,1.0,-0.7811602251313161,0.09765123469655274,-0.4089901314382587,0.4089901314382587,0.1440188751441499,-0.1540119441524439,-0.2549781872858148,28.337066750478698,1.0,-0.7811602251313161,0.09765123469655274,-1,-1,False,0.10096624313337088,0.4089901314382587,0.7811602251313161,0.09765123469655274,69.28545354096514,False,False,False,True,True,False,0.4089901314382587,0.6040200763518883,0.28904362478169787,0.7633600566678069,False,0.1506265626613963,,,False,,,,,,0.4089901314382587,,,bear_called_bull_truth,Bull,Bear
trend_method_v2_0,320550,320551,2026-03-09T04:40:09.084121,Bear,1.0,-0.8634650943840825,regime=RUN|slope_sum=-0.863465,Bull,67794.52,67875.67,81.15,03/09/2026  04:35:36 AM,03/09/2026  04:40:23 AM,False,True,False,False,True,False,False,True,False,False,False,False,RUN,Bear,,,,,,,,-0.4399128131753969,,-0.4235522812086856,,,,,,,,1.0,11.799193217753782,0.14482746649688732,-0.8634650943840825,0.8634650943840825,0.4285185497238056,-0.4399128131753969,-0.4235522812086856,58.33548572316067,1.0,11.799193217753782,0.14482746649688732,-1,-1,False,0.016360531966711278,0.8634650943840825,11.799193217753782,0.14482746649688732,67.55974978325199,False,False,False,True,True,False,0.8634650943840825,1.0386269480594543,0.4971895775543089,0.5965899777420418,False,0.2037895062749193,,,False,,,,,,0.8634650943840825,,,bear_called_bull_truth,Bull,Bear
trend_method_v2_0,320551,320552,2026-03-09T04:45:11.086817,Bull,1.0,0.32030032805050723,regime=RUN|slope_sum=0.320300,Bear,67875.67,67705.11,-170.56,03/09/2026  04:40:37 AM,03/09/2026  04:45:25 AM,False,True,False,True,False,False,True,False,False,False,False,False,RUN,Bull,,,,,,,,0.05790317179344129,,0.26239715625706594,,,,,,,,1.0,-0.07409741630544886,0.027922935569880583,0.32030032805050723,0.32030032805050723,-0.7060071591047921,0.05790317179344129,0.26239715625706594,32.60800614822074,1.0,-0.07409741630544886,0.027922935569880583,1,1,False,0.20449398446362466,0.32030032805050723,0.07409741630544886,0.027922935569880583,101.80447315395467,False,False,False,False,True,False,0.32030032805050723,0.22066996692873667,-0.5431647663335752,-1.0403543438878842,False,0.3723110989562405,,,False,,,,,,0.32030032805050723,,,bull_called_bear_truth,Bear,Bull
trend_method_v2_0,320557,320558,2026-03-09T05:15:19.078696,Bull,1.0,1.3025938421906176,regime=RUN|slope_sum=1.302594,Bear,67705.81,67649.05,-56.76,03/09/2026  05:10:46 AM,03/09/2026  05:15:33 AM,False,True,False,True,False,False,True,False,False,False,False,False,RUN,Bull,,,,,,,,0.6988634706340235,,0.603730371556594,,,,,,,,1.0,34.486370453989366,0.13648025299161892,1.3025938421906176,1.3025938421906176,-0.7333715918591069,0.6988634706340235,0.603730371556594,95.26603476222954,1.0,34.486370453989366,0.13648025299161892,1,1,False,0.0951330990774295,1.3025938421906176,34.486370453989366,0.13648025299161892,73.13564034819734,False,False,False,True,True,False,1.3025938421906176,1.157575473356009,1.0732295149646234,1.187756340699707,False,0.21460671715097945,,,False,,,,,,1.3025938421906176,,,bull_called_bear_truth,Bear,Bull
trend_method_v2_0,320564,320565,2026-03-09T05:50:28.134771,Bear,1.0,-0.5793008130767703,regime=RUN|slope_sum=-0.579301,Bull,68275.66,68392.81,117.15,03/09/2026  05:45:54 AM,03/09/2026  05:50:42 AM,False,True,False,False,True,False,False,True,False,False,False,False,RUN,Bear,,,,,,,,-0.11795618056203239,,-0.4613446325147379,,,,,,,,1.0,-9.642230072335224,0.1392552296596391,-0.5793008130767703,0.5793008130767703,0.03895839991641125,-0.11795618056203239,-0.4613446325147379,50.60504023665271,1.0,-9.642230072335224,0.1392552296596391,-1,-1,False,0.3433884519527055,0.5793008130767703,9.642230072335224,0.1392552296596391,87.35537581568424,False,False,False,True,True,False,0.5793008130767703,0.2556791002835916,0.036872946275252616,-0.15269496943619743,False,0.12725576513074913,,,False,,,,,,0.5793008130767703,,,bear_called_bull_truth,Bull,Bear
trend_method_v2_0,320572,320573,2026-03-09T06:30:39.086201,Bear,1.0,-1.4965144998750475,regime=RUN|slope_sum=-1.496514,Bull,67881.84,67911.17,29.33,03/09/2026  06:26:04 AM,03/09/2026  06:30:53 AM,False,True,False,False,True,False,False,True,False,False,False,False,RUN,Bear,,,,,,,,-0.9942367355743045,,-0.502277764300743,,,,,,,,1.0,21.613063484299346,0.21519747194168815,-1.4965144998750475,1.4965144998750475,0.6433196167641827,-0.9942367355743045,-0.502277764300743,86.46227945481951,1.0,21.613063484299346,0.21519747194168815,-1,-1,False,0.4919589712735615,1.4965144998750475,21.613063484299346,0.21519747194168815,57.77577127521233,False,False,False,True,True,False,1.4965144998750475,1.9794560027128674,1.303478154424738,1.2928910095943138,False,0.26574730432810884,,,False,,,,,,1.4965144998750475,,,bear_called_bull_truth,Bull,Bear
trend_method_v2_0,320574,320575,2026-03-09T06:40:41.085219,Bear,1.0,-0.7184484238732693,regime=RUN|slope_sum=-0.718448,Bull,67795.3,67823.15,27.85,03/09/2026  06:36:08 AM,03/09/2026  06:40:55 AM,False,True,False,False,True,False,False,True,False,False,False,False,RUN,Bear,,,,,,,,-0.21373852827309747,,-0.5047098956001719,,,,,,,,1.0,-5.763298606660101,0.2907014781636895,-0.7184484238732693,0.7184484238732693,-0.021818847952701018,-0.21373852827309747,-0.5047098956001719,54.049057037671446,1.0,-5.763298606660101,0.2907014781636895,-1,-1,False,0.2909713673270744,0.7184484238732693,5.763298606660101,0.2907014781636895,75.23025347635173,False,False,False,True,True,False,0.7184484238732693,0.42348788905541856,0.2008040338732826,1.1796741437483433,False,0.11900006801924581,,,False,,,,,,0.7184484238732693,,,bear_called_bull_truth,Bull,Bear
trend_method_v2_0,320579,320580,2026-03-09T07:05:48.100502,Bull,1.0,0.21412477449484868,regime=RUN|slope_sum=0.214125,Bear,67622.09,67602.09,-20.0,03/09/2026  07:01:15 AM,03/09/2026  07:06:02 AM,False,True,False,True,False,False,True,False,False,False,False,False,RUN,Bull,,,,,,,,0.11662216503827949,,0.09750260945656919,,,,,,,,1.0,1.513343205966521,0.13335840620884915,0.21412477449484868,0.21412477449484868,-49.172252583133144,0.11662216503827949,0.09750260945656919,24.617225731082726,1.0,1.513343205966521,0.13335840620884915,1,1,False,0.0191195555817103,0.21412477449484868,1.513343205966521,0.13335840620884915,114.96673278072714,False,False,False,True,True,False,0.21412477449484868,1.1960927578069258,0.03619027353124693,0.16629529553210887,False,0.21785833108458946,,,False,,,,,,0.21412477449484868,,,bull_called_bear_truth,Bear,Bull
trend_method_v2_0,320583,320584,2026-03-09T07:25:54.091051,Bull,1.0,0.491275602407768,regime=RUN|slope_sum=0.491276,Bear,67689.59,67378.86,-310.73,03/09/2026  07:21:21 AM,03/09/2026  07:26:08 AM,False,True,False,True,False,False,True,False,False,False,False,False,RUN,Bull,,,,,,,,0.09925857998678111,,0.3920170224209869,,,,,,,,1.0,-0.157173135667108,0.10171394488050801,0.491275602407768,0.491275602407768,-0.13405845051135645,0.09925857998678111,0.3920170224209869,39.424566608984605,1.0,-0.157173135667108,0.10171394488050801,1,1,False,0.2927584424342058,0.491275602407768,0.157173135667108,0.10171394488050801,80.24938835912612,False,False,False,True,True,False,0.491275602407768,0.2531996681516227,-0.8807047029422392,-2.225497430559699,False,0.3808170236830891,,,False,,,,,,0.491275602407768,,,bull_called_bear_truth,Bear,Bull
trend_method_v2_0,320585,320586,2026-03-09T07:35:57.125043,Bull,1.0,1.5517956712446903,regime=RUN|slope_sum=1.551796,Bear,67514.52,67506.0,-8.52,03/09/2026  07:31:24 AM,03/09/2026  07:36:11 AM,False,True,False,True,False,False,True,False,False,False,False,False,RUN,Bull,,,,,,,,1.0718176682166813,,0.47997800302800897,,,,,,,,1.0,14.460638951495639,0.23179571782252623,1.5517956712446903,1.5517956712446903,-0.5940220475455424,1.0718176682166813,0.47997800302800897,83.6514298045513,1.0,14.460638951495639,0.23179571782252623,1,1,False,0.5918396651886724,1.5517956712446903,14.460638951495639,0.23179571782252623,53.906214171518315,False,False,False,True,True,False,1.5517956712446903,2.2330558097557978,1.3101635581788287,1.559807047520735,False,0.27627804048634313,,,False,,,,,,1.5517956712446903,,,bull_called_bear_truth,Bear,Bull
trend_method_v2_0,320607,320608,2026-03-09T09:26:26.090489,Bull,1.0,4.988962507717588,regime=RUN|slope_sum=4.988963,Bear,68400.55,68250.09,-150.46,03/09/2026  09:21:53 AM,03/09/2026  09:26:40 AM,False,True,False,True,False,False,True,False,False,False,False,False,RUN,Bull,,,,,,,,3.690057328070907,,1.298905179646681,,,,,,,,1.0,122.19822940100858,0.48776732678455836,4.988962507717588,4.988962507717588,-0.9850746107313141,3.690057328070907,1.298905179646681,273.04264334401523,1.0,122.19822940100858,0.48776732678455836,1,1,False,2.3911521484242257,4.988962507717588,122.19822940100858,0.48776732678455836,54.729343610347186,False,False,False,True,True,False,4.988962507717588,2.8408981547634213,3.833504054318837,3.6491758797874354,False,0.2958576916433136,,,False,,,,,,4.988962507717588,,,bull_called_bear_truth,Bear,Bull
trend_method_v2_0,320612,320613,2026-03-09T09:51:32.089614,Bear,1.0,-2.3641242764497292,regime=RUN|slope_sum=-2.364124,Bull,68823.65,69118.33,294.68,03/09/2026  09:47:00 AM,03/09/2026  09:51:46 AM,False,True,False,False,True,False,False,True,False,False,False,False,RUN,Bear,,,,,,,,-1.3032396776416135,,-1.0608845988081157,,,,,,,,1.0,56.53979105800681,0.36714491900610957,-2.3641242764497292,2.3641242764497292,0.5716481377521934,-1.3032396776416135,-1.0608845988081157,155.78573271165078,1.0,56.53979105800681,0.36714491900610957,-1,-1,False,0.24235507883349783,2.3641242764497292,56.53979105800681,0.36714491900610957,65.8957459485161,False,False,False,True,True,False,2.3641242764497292,1.228446222243003,0.853288005291688,-0.44591683153703343,False,0.354277785399971,,,False,,,,,,2.3641242764497292,,,bear_called_bull_truth,Bull,Bear
trend_method_v2_0,320617,320618,2026-03-09T10:16:38.087265,Bull,1.0,1.5655591042832384,regime=RUN|slope_sum=1.565559,Bear,68749.18,68725.0,-24.18,03/09/2026  10:12:06 AM,03/09/2026  10:16:52 AM,False,True,False,True,False,False,True,False,False,False,False,False,RUN,Bull,,,,,,,,0.8819530155324173,,0.6836060887508211,,,,,,,,1.0,32.40691380322096,0.18079168025287806,1.5655591042832384,1.5655591042832384,-0.7354909165061965,0.8819530155324173,0.6836060887508211,109.73418015417701,1.0,32.40691380322096,0.18079168025287806,1,1,False,0.19834692678159627,1.5655591042832384,32.40691380322096,0.18079168025287806,70.09264604188593,False,False,False,True,True,False,1.5655591042832384,1.2901479814845462,1.1706391419047577,4.904797203544149,False,0.22533879765240875,,,False,,,,,,1.5655591042832384,,,bull_called_bear_truth,Bear,Bull
trend_method_v2_0,320622,320623,2026-03-09T10:41:47.083348,Bull,1.0,1.2582480448836577,regime=RUN|slope_sum=1.258248,Bear,69280.85,69255.02,-25.83,03/09/2026  10:37:14 AM,03/09/2026  10:42:01 AM,False,True,False,True,False,False,True,False,False,False,False,False,RUN,Bull,,,,,,,,0.9058912775781209,,0.3523567673055368,,,,,,,,1.0,49.64041189358977,0.027377283188148582,1.2582480448836577,1.2582480448836577,-1.6304399858763718,0.9058912775781209,0.3523567673055368,88.57651330746012,1.0,49.64041189358977,0.027377283188148582,1,1,False,0.5535345102725842,1.2582480448836577,49.64041189358977,0.027377283188148582,70.39670251635498,False,False,False,False,True,False,1.2582480448836577,2.5709489972491473,-0.5188383159056684,-1.7086220915371086,False,0.5879849585339536,,,False,,,,,,1.2582480448836577,,,bull_called_bear_truth,Bear,Bull
trend_method_v2_0,320628,320629,2026-03-09T11:11:55.083071,Bear,1.0,-0.6943179733734723,regime=RUN|slope_sum=-0.694318,Bull,69201.41,69219.95,18.54,03/09/2026  11:07:21 AM,03/09/2026  11:12:09 AM,False,True,False,False,True,False,False,True,False,False,False,False,RUN,Bear,,,,,,,,-0.15065314273124386,,-0.5436648306422285,,,,,,,,1.0,-2.236151744509698,0.10265432573658126,-0.6943179733734723,0.6943179733734723,0.5451727764748603,-0.15065314273124386,-0.5436648306422285,71.8674168051075,1.0,-2.236151744509698,0.10265432573658126,-1,-1,False,0.3930116879109846,0.6943179733734723,2.236151744509698,0.10265432573658126,103.5079308921334,False,False,False,True,True,False,0.6943179733734723,0.2771066551302906,0.16298312219441868,0.3773525954657089,False,0.08679201663138156,,,False,,,,,,0.6943179733734723,,,bear_called_bull_truth,Bull,Bear
trend_method_v2_0,320635,320636,2026-03-09T11:47:04.076021,Bull,1.0,1.4727809522682946,regime=RUN|slope_sum=1.472781,Bear,68824.8,68801.12,-23.68,03/09/2026  11:42:32 AM,03/09/2026  11:47:18 AM,False,True,False,True,False,False,True,False,False,False,False,False,RUN,Bull,,,,,,,,1.1210502304129477,,0.35173072185534693,,,,,,,,1.0,26.00127087115834,0.2055214925425216,1.4727809522682946,1.4727809522682946,-0.8107710011314493,1.1210502304129477,0.35173072185534693,72.5772378159163,1.0,26.00127087115834,0.2055214925425216,1,1,False,0.7693195085576008,1.4727809522682946,26.00127087115834,0.2055214925425216,49.27904431690057,False,False,False,True,True,False,1.4727809522682946,3.1872400127560985,-0.25710322433224064,-0.9307899742743757,False,0.583708673203055,,,False,,,,,,1.4727809522682946,,,bull_called_bear_truth,Bear,Bull
trend_method_v2_0,320637,320638,2026-03-09T11:57:05.085868,Bull,1.0,2.0814304069917853,regime=RUN|slope_sum=2.081430,Bear,68858.75,68832.46,-26.29,03/09/2026  11:52:32 AM,03/09/2026  11:57:19 AM,False,True,False,True,False,False,True,False,False,False,False,False,RUN,Bull,,,,,,,,1.430710389640808,,0.6507200173509773,,,,,,,,1.0,40.770719958571135,0.21279354117730354,2.0814304069917853,2.0814304069917853,-0.8323698772037479,1.430710389640808,0.6507200173509773,122.04857576161157,1.0,40.770719958571135,0.21279354117730354,1,1,False,0.7799903722898307,2.0814304069917853,40.770719958571135,0.21279354117730354,58.636875560016385,False,False,False,True,True,False,2.0814304069917853,2.198657412546031,1.8104560476331244,3.012262640542758,False,0.2749475331646684,,,False,,,,,,2.0814304069917853,,,bull_called_bear_truth,Bear,Bull
trend_method_v2_0,320640,320641,2026-03-09T12:12:10.084580,Bear,1.0,-1.4834151469458448,regime=RUN|slope_sum=-1.483415,Bull,68830.72,69007.52,176.8,03/09/2026  12:07:37 PM,03/09/2026  12:12:24 PM,False,True,False,False,True,False,False,True,False,False,False,False,RUN,Bear,,,,,,,,-0.6869254257799184,,-0.7964897211659263,,,,,,,,1.0,13.032375532347942,0.2367333496597851,-1.4834151469458448,1.4834151469458448,0.41261211240456447,-0.6869254257799184,-0.7964897211659263,107.152679645631,1.0,13.032375532347942,0.2367333496597851,-1,-1,False,0.10956429538600787,1.4834151469458448,13.032375532347942,0.2367333496597851,72.23377748720186,False,False,False,True,True,False,1.4834151469458448,0.8624410428980499,1.2031028597393743,3.004220979524689,False,0.18522810076308224,,,False,,,,,,1.4834151469458448,,,bear_called_bull_truth,Bull,Bear
trend_method_v2_0,320646,320647,2026-03-09T12:42:19.091414,Bull,1.0,0.7614780719450209,regime=RUN|slope_sum=0.761478,Bear,68868.83,68839.11,-29.72,03/09/2026  12:37:46 PM,03/09/2026  12:42:33 PM,False,True,False,True,False,False,True,False,False,False,False,False,RUN,Bull,,,,,,,,0.056892339533078484,,0.7045857324119424,,,,,,,,1.0,-11.020544977945974,0.255056475793771,0.7614780719450209,0.7614780719450209,0.09021793608882443,0.056892339533078484,0.7045857324119424,75.95951070866431,1.0,-11.020544977945974,0.255056475793771,1,1,False,0.647693392878864,0.7614780719450209,11.020544977945974,0.255056475793771,99.75272237931051,False,False,False,True,True,False,0.7614780719450209,0.08074580127860985,-0.5844259825680638,-1.4238975017233315,False,0.3298852148888595,,,False,,,,,,0.7614780719450209,,,bull_called_bear_truth,Bear,Bull
trend_method_v2_0,320647,320648,2026-03-09T12:47:20.083259,Bear,1.0,-1.4560941811614612,regime=RUN|slope_sum=-1.456094,Bull,68839.11,69037.38,198.27,03/09/2026  12:42:48 PM,03/09/2026  12:47:34 PM,False,True,False,False,True,False,False,True,False,False,False,False,RUN,Bear,,,,,,,,-0.9876685616745817,,-0.46842561948687944,,,,,,,,1.0,13.642239529028302,0.27536876198386645,-1.4560941811614612,1.4560941811614612,0.500857036991323,-0.9876685616745817,-0.46842561948687944,72.45352118193114,1.0,13.642239529028302,0.27536876198386645,-1,-1,False,0.5192429421877023,1.4560941811614612,13.642239529028302,0.27536876198386645,49.758815136626815,False,False,False,True,True,False,1.4560941811614612,2.108485361574563,0.6946161092164402,1.279042091784504,False,0.2713199666485207,,,False,,,,,,1.4560941811614612,,,bear_called_bull_truth,Bull,Bear
trend_method_v2_0,320648,320649,2026-03-09T12:52:21.076314,Bull,1.0,0.6443561755131668,regime=RUN|slope_sum=0.644356,Bear,69037.38,68991.42,-45.96,03/09/2026  12:47:49 PM,03/09/2026  12:52:35 PM,False,True,False,True,False,False,True,False,False,False,False,False,RUN,Bull,,,,,,,,0.4223176692303241,,0.22203850628284272,,,,,,,,1.0,16.236638952657813,0.07185220237837969,0.6443561755131668,0.6443561755131668,-0.8716646826563198,0.4223176692303241,0.22203850628284272,38.14085616344528,1.0,16.236638952657813,0.07185220237837969,1,1,False,0.20027916294748138,0.6443561755131668,16.236638952657813,0.07185220237837969,59.19219464773471,False,False,False,True,True,False,0.6443561755131668,1.9020019378636817,-0.8117380056482943,-1.5063541148647346,False,0.5621641168529125,,,False,,,,,,0.6443561755131668,,,bull_called_bear_truth,Bear,Bull
trend_method_v2_0,320654,320655,2026-03-09T13:22:31.090398,Bear,1.0,-2.009353181001643,regime=RUN|slope_sum=-2.009353,Bull,68986.42,69024.08,37.66,03/09/2026  01:17:57 PM,03/09/2026  01:22:45 PM,False,True,False,False,True,False,False,True,False,False,False,False,RUN,Bear,,,,,,,,-1.2607749403341586,,-0.7485782406674844,,,,,,,,1.0,51.70088666002266,0.14812992646669354,-2.009353181001643,2.009353181001643,0.9197146844798301,-1.2607749403341586,-0.7485782406674844,132.68295153413783,1.0,51.70088666002266,0.14812992646669354,-1,-1,False,0.5121966996666742,2.009353181001643,51.70088666002266,0.14812992646669354,66.03266801906705,False,False,False,True,True,False,2.009353181001643,1.6842260058346927,1.5935372778749297,1.5845539916790585,False,0.2509812515300421,,,False,,,,,,2.009353181001643,,,bear_called_bull_truth,Bull,Bear
trend_method_v2_0,320662,320663,2026-03-09T14:02:41.084945,Bear,1.0,-1.185764347026634,regime=RUN|slope_sum=-1.185764,Bull,68543.51,68631.36,87.85,03/09/2026  01:58:09 PM,03/09/2026  02:02:55 PM,False,True,False,False,True,False,False,True,False,False,False,False,RUN,Bear,,,,,,,,-0.7786906780056597,,-0.4070736690209742,,,,,,,,1.0,45.460054217866855,0.049702797270618326,-1.185764347026634,1.185764347026634,1.2443979071619684,-0.7786906780056597,-0.4070736690209742,81.3226371792407,1.0,45.460054217866855,0.049702797270618326,-1,-1,False,0.3716170089846855,1.185764347026634,45.460054217866855,0.049702797270618326,68.58246107935481,False,False,False,False,True,False,1.185764347026634,1.9128986649478874,0.25981320774008054,-0.31809907875322097,False,0.35810946432090873,,,False,,,,,,1.185764347026634,,,bear_called_bull_truth,Bull,Bear
trend_method_v2_0,320683,320684,2026-03-09T15:48:08.064025,Bull,1.0,1.0956595070383628,regime=RUN|slope_sum=1.095660,Bear,69084.61,68843.03,-241.58,03/09/2026  03:43:35 PM,03/09/2026  03:48:22 PM,False,True,False,True,False,False,True,False,False,False,False,False,RUN,Bull,,,,,,,,0.8616959054706967,,0.23396360156766605,,,,,,,,1.0,40.12976808096573,0.09532837266437813,1.0956595070383628,1.0956595070383628,-1.334421975711934,0.8616959054706967,0.23396360156766605,59.26586325724202,1.0,40.12976808096573,0.09532837266437813,1,1,False,0.6277323039030307,1.0956595070383628,40.12976808096573,0.09532837266437813,54.09149729138152,False,False,False,True,True,False,1.0956595070383628,3.683034026220016,0.3862425669103686,1.4052143427488772,False,0.3145852885628367,,,False,,,,,,1.0956595070383628,,,bull_called_bear_truth,Bear,Bull
trend_method_v2_0,320685,320686,2026-03-09T15:58:10.066259,Bull,1.0,0.8979854830977274,regime=RUN|slope_sum=0.897985,Bear,68978.2,68926.54,-51.66,03/09/2026  03:53:38 PM,03/09/2026  03:58:24 PM,False,True,False,True,False,False,True,False,False,False,False,False,RUN,Bull,,,,,,,,0.6331971720610454,,0.264788311036682,,,,,,,,1.0,21.018400964632747,0.11242181425941877,0.8979854830977274,0.8979854830977274,-0.9773198971155879,0.6331971720610454,0.264788311036682,56.519669924964546,1.0,21.018400964632747,0.11242181425941877,1,1,False,0.36840886102436343,0.8979854830977274,21.018400964632747,0.11242181425941877,62.94051628762637,False,False,False,True,True,False,0.8979854830977274,2.391333550873122,0.33533344164243317,0.8683409072255017,False,0.2820522977172159,,,False,,,,,,0.8979854830977274,,,bull_called_bear_truth,Bear,Bull
trend_method_v2_0,320689,320690,2026-03-09T16:18:16.071347,Bull,1.0,0.26953358050013776,regime=RUN|slope_sum=0.269534,Bear,69048.45,68984.14,-64.31,03/09/2026  04:13:44 PM,03/09/2026  04:18:30 PM,False,True,False,True,False,False,True,False,False,False,False,False,RUN,Bull,,,,,,,,0.1984220845879463,,0.07111149591219146,,,,,,,,1.0,4.706926158367423,0.011317577364943224,0.26953358050013776,0.26953358050013776,-1.2998589227861734,0.1984220845879463,0.07111149591219146,15.040322378787096,1.0,4.706926158367423,0.011317577364943224,1,1,False,0.12731058867575484,0.26953358050013776,4.706926158367423,0.011317577364943224,55.80129329665996,False,False,False,False,True,False,0.26953358050013776,2.790295465489266,0.16680743348661053,0.9538234954579821,False,0.29446733014826687,,,False,,,,,,0.26953358050013776,,,bull_called_bear_truth,Bear,Bull
trend_method_v2_0,320695,320696,2026-03-09T16:48:21.081972,Bear,1.0,-1.4490289668574405,regime=RUN|slope_sum=-1.449029,Bull,68871.07,68899.46,28.39,03/09/2026  04:43:48 PM,03/09/2026  04:48:35 PM,False,True,False,False,True,False,False,True,False,False,False,False,RUN,Bear,,,,,,,,-1.1024030503376707,,-0.3466259165197698,,,,,,,,1.0,47.87700903380755,0.08287241966990272,-1.4490289668574405,1.4490289668574405,1.2318818434291228,-1.1024030503376707,-0.3466259165197698,81.25186418094381,1.0,47.87700903380755,0.08287241966990272,-1,-1,False,0.7557771338179009,1.4490289668574405,47.87700903380755,0.08287241966990272,56.07331947073325,False,False,False,True,True,False,1.4490289668574405,3.1803826482628144,1.219083275518642,1.4485137520641729,False,0.3043149793557242,,,False,,,,,,1.4490289668574405,,,bear_called_bull_truth,Bull,Bear
trend_method_v2_0,320705,320706,2026-03-09T17:38:35.073602,Bear,1.0,-0.9395528602890408,regime=RUN|slope_sum=-0.939553,Bull,68893.36,68905.36,12.0,03/09/2026  05:34:00 PM,03/09/2026  05:38:49 PM,False,True,False,False,True,False,False,True,False,False,False,False,RUN,Bear,,,,,,,,-0.7449801445582125,,-0.19457271573082835,,,,,,,,1.0,38.00243698133272,0.02664669155686472,-0.9395528602890408,0.9395528602890408,1.5946158218006492,-0.7449801445582125,-0.19457271573082835,51.944837351707974,1.0,38.00243698133272,0.02664669155686472,-1,-1,False,0.5504074288273841,0.9395528602890408,38.00243698133272,0.02664669155686472,55.2867641057767,False,False,False,False,True,False,0.9395528602890408,3.8288006710499793,0.649935800842286,0.778415726214007,False,0.31716369607092865,,,False,,,,,,0.9395528602890408,,,bear_called_bull_truth,Bull,Bear
trend_method_v2_0,320716,320717,2026-03-09T18:33:48.125066,Bear,1.0,-0.20403328878455795,regime=RUN|slope_sum=-0.204033,Bull,68798.27,68844.56,46.29,03/09/2026  06:29:16 PM,03/09/2026  06:34:02 PM,False,True,False,False,True,False,False,True,False,False,False,False,RUN,Bear,,,,,,,,-0.09850294868556375,,-0.1055303400989942,,,,,,,,1.0,3.232800967351068,0.01582219328030035,-0.20403328878455795,0.20403328878455795,1.3772332451787588,-0.09850294868556375,-0.1055303400989942,18.237305888615083,1.0,3.232800967351068,0.01582219328030035,-1,-1,False,0.0070273914134304505,0.20403328878455795,3.232800967351068,0.01582219328030035,89.38397257259402,False,False,False,False,True,False,0.20403328878455795,0.9334088054028983,-0.03569215132665704,0.19906598119268892,False,0.1931115246386576,,,False,,,,,,0.20403328878455795,,,bear_called_bull_truth,Bull,Bear
trend_method_v2_0,320723,320724,2026-03-09T19:08:56.070789,Bull,1.0,1.1243014741194202,regime=RUN|slope_sum=1.124301,Bear,68643.48,68610.06,-33.42,03/09/2026  07:04:22 PM,03/09/2026  07:09:10 PM,False,True,False,True,False,False,True,False,False,False,False,False,RUN,Bull,,,,,,,,0.8724999831101741,,0.2518014910092461,,,,,,,,1.0,36.38966017578787,0.14253412682349642,1.1243014741194202,1.1243014741194202,-1.0902365538547745,0.8724999831101741,0.2518014910092461,60.81082303682342,1.0,36.38966017578787,0.14253412682349642,1,1,False,0.620698492100928,1.1243014741194202,36.38966017578787,0.14253412682349642,54.08764858593814,False,False,False,True,True,False,1.1243014741194202,3.465031043355244,0.8933383033636346,0.7946824140508397,False,0.3104149565555046,,,False,,,,,,1.1243014741194202,,,bull_called_bear_truth,Bear,Bull
trend_method_v2_0,320724,320725,2026-03-09T19:13:57.085102,Bear,1.0,-0.8142178810303449,regime=RUN|slope_sum=-0.814218,Bull,68610.06,68691.7,81.64,03/09/2026  07:09:25 PM,03/09/2026  07:14:11 PM,False,True,False,False,True,False,False,True,False,False,False,False,RUN,Bear,,,,,,,,-0.5088406965915055,,-0.3053771844388393,,,,,,,,1.0,7.4824991714413045,0.15347218240217653,-0.8142178810303449,0.8142178810303449,0.4244229024269779,-0.5088406965915055,-0.3053771844388393,42.92302132130135,1.0,7.4824991714413045,0.15347218240217653,-1,-1,False,0.20346351215266623,0.8142178810303449,7.4824991714413045,0.15347218240217653,52.716873850749614,False,False,False,True,True,False,0.8142178810303449,1.6662695267380583,-0.3100835930890753,-1.20342189645271,False,0.5499776575516114,,,False,,,,,,0.8142178810303449,,,bear_called_bull_truth,Bull,Bear
trend_method_v2_0,320728,320729,2026-03-09T19:34:00.110540,Bear,1.0,-0.7247605150114396,regime=RUN|slope_sum=-0.724761,Bull,68586.0,68619.9,33.9,03/09/2026  07:29:35 PM,03/09/2026  07:34:14 PM,False,True,False,False,True,False,False,True,False,False,False,False,RUN,Bear,,,,,,,,-0.5720143543894665,,-0.1527461606219731,,,,,,,,1.0,31.329874483853928,0.015524484538002009,-0.7247605150114396,0.7247605150114396,1.894625561322825,-0.5720143543894665,-0.1527461606219731,43.73774202998902,1.0,31.329874483853928,0.015524484538002009,-1,-1,False,0.41926819376749336,0.7247605150114396,31.329874483853928,0.015524484538002009,60.34785439339044,False,False,False,False,True,False,0.7247605150114396,3.7448689516008695,0.5623240522654669,0.6854514471124276,False,0.3156984093596422,,,False,,,,,,0.7247605150114396,,,bear_called_bull_truth,Bull,Bear
trend_method_v2_0,320732,320733,2026-03-09T19:54:06.131015,Bear,1.0,-0.48582541791984113,regime=RUN|slope_sum=-0.485825,Bull,68528.3,68541.09,12.79,03/09/2026  07:49:48 PM,03/09/2026  07:54:20 PM,False,True,False,False,True,False,False,True,False,False,False,False,RUN,Bear,,,,,,,,-0.1948946856737166,,-0.29093073224612453,,,,,,,,1.0,3.2626948700053617,0.08506428582297212,-0.48582541791984113,0.48582541791984113,0.3819354022781031,-0.1948946856737166,-0.29093073224612453,38.75743955053622,1.0,3.2626948700053617,0.08506428582297212,-1,-1,False,0.09603604657240794,0.48582541791984113,3.2626948700053617,0.08506428582297212,79.77647550118716,False,False,False,True,True,False,0.48582541791984113,0.6699006466901462,0.2358983437261486,0.2615268412682781,False,0.16046479124801438,,,False,,,,,,0.48582541791984113,,,bear_called_bull_truth,Bull,Bear
trend_method_v2_0,320734,320735,2026-03-09T20:07:38.091853,Bear,1.0,-1.1012366883387585,regime=RUN|slope_sum=-1.101237,Unknown,,,,,,False,True,False,False,True,False,False,False,False,False,False,False,RUN,Bear,,,,,,,,-0.6395633570027712,,-0.4616733313359873,,,,,,,,1.0,26.60562130609469,0.1221728702965525,-1.1012366883387585,1.1012366883387585,0.7647199088648552,-0.6395633570027712,-0.4616733313359873,78.14787047334539,1.0,26.60562130609469,0.1221728702965525,-1,-1,False,0.1778900256667839,1.1012366883387585,26.60562130609469,0.1221728702965525,70.96373677055138,False,False,False,True,True,False,1.1012366883387585,1.3853157927749626,0.9202801742412703,1.2251490780636232,False,0.23230731913502362,,,False,,,,,,1.1012366883387585,,,none,Unknown,Bear
trend_method_v2_0,320734,320735,2026-03-09T20:08:23.271012,Bear,1.0,-1.1012366883387585,regime=RUN|slope_sum=-1.101237,Unknown,,,,,,False,True,False,False,True,False,False,False,False,False,False,False,RUN,Bear,,,,,,,,-0.6395633570027712,,-0.4616733313359873,,,,,,,,1.0,26.60562130609469,0.1221728702965525,-1.1012366883387585,1.1012366883387585,0.7647199088648552,-0.6395633570027712,-0.4616733313359873,78.14787047334539,1.0,26.60562130609469,0.1221728702965525,-1,-1,False,0.1778900256667839,1.1012366883387585,26.60562130609469,0.1221728702965525,70.96373677055138,False,False,False,True,True,False,1.1012366883387585,1.3853157927749626,0.0,-0.9202801742412703,False,0.5083913714074046,,,False,,,,,,1.1012366883387585,,,none,Unknown,Bear
trend_method_v2_0,320734,320735,2026-03-09T20:09:08.465690,Bear,1.0,-1.1012366883387585,regime=RUN|slope_sum=-1.101237,Unknown,,,,,,False,True,False,False,True,False,False,False,False,False,False,False,RUN,Bear,,,,,,,,-0.6395633570027712,,-0.4616733313359873,,,,,,,,1.0,26.60562130609469,0.1221728702965525,-1.1012366883387585,1.1012366883387585,0.7647199088648552,-0.6395633570027712,-0.4616733313359873,78.14787047334539,1.0,26.60562130609469,0.1221728702965525,-1,-1,False,0.1778900256667839,1.1012366883387585,26.60562130609469,0.1221728702965525,70.96373677055138,False,False,False,True,True,False,1.1012366883387585,1.3853157927749626,0.0,0.0,False,0.23230731913502362,,,False,,,,,,1.1012366883387585,,,none,Unknown,Bear
trend_method_v2_0,320744,320745,2026-03-09T20:54:22.089376,Bear,1.0,-0.6427484868527245,regime=RUN|slope_sum=-0.642748,Bull,69196.76,69260.0,63.24,03/09/2026  08:49:49 PM,03/09/2026  08:54:36 PM,False,True,False,False,True,False,False,True,False,False,False,False,RUN,Bear,,,,,,,,-0.3564599038018059,,-0.28628858305091853,,,,,,,,1.0,4.8531107286398765,0.0864824979334593,-0.6427484868527245,0.6427484868527245,0.5502414483692859,-0.3564599038018059,-0.28628858305091853,43.522891226864886,1.0,4.8531107286398765,0.0864824979334593,-1,-1,False,0.07017132075088739,0.6427484868527245,4.8531107286398765,0.0864824979334593,67.71372024534608,False,False,False,True,True,False,0.6427484868527245,1.2451069476927303,0.30159450203791494,0.19373236208957678,False,0.22183476808929964,,,False,,,,,,0.6427484868527245,,,bear_called_bull_truth,Bull,Bear
trend_method_v2_0,320748,320749,2026-03-09T21:14:28.069271,Bear,1.0,-0.4520268393607694,regime=RUN|slope_sum=-0.452027,Bull,69114.19,69166.78,52.59,03/09/2026  09:09:55 PM,03/09/2026  09:14:42 PM,False,True,False,False,True,False,False,True,False,False,False,False,RUN,Bear,,,,,,,,-0.3469205089349998,,-0.10510633042576956,,,,,,,,1.0,16.19874209589034,0.027585106797605077,-0.4520268393607694,0.4520268393607694,1.3789505142757006,-0.3469205089349998,-0.10510633042576956,26.609954812083743,1.0,16.19874209589034,0.027585106797605077,-1,-1,False,0.24181417850923026,0.4520268393607694,16.19874209589034,0.027585106797605077,58.86808590771739,False,False,False,False,True,False,0.4520268393607694,3.3006623628631906,-0.1088967466075701,-0.2023811143644707,False,0.3677054053931689,,,False,,,,,,0.4520268393607694,,,bear_called_bull_truth,Bull,Bear
