model_id,epoch,next_epoch,timestamp,prediction,confidence,score,reason,truth,start_price,end_price,price_difference,round_current_timestamp,round_next_epoch_time,correct,directional_called,directional_correct,bull_called,bear_called,neutral_called,bull_called_bear_truth,bear_called_bull_truth,neutral_called_bull_truth,neutral_called_bear_truth,bull_called_neutral_truth,bear_called_neutral_truth,regime,run_direction,fan_width,alignment,compression_velocity,flip_score,slope_sum,slope_magnitude,ratio_8_23_to_23_53,s23,s53,fan_width_raw,alignment_raw,compression_velocity_raw,flip_score_raw,slope_sign_s23,slope_sign_s53,slope_disagreement,slope_gap,abs_slope_sum,abs_compression_velocity,abs_flip_score,fan_to_slope_ratio,collapse_flag,weak_bull_exhaustion_flag,weak_bear_exhaustion_flag,possible_flip_zone,possible_run_zone,possible_transition_zone,directional_error_type,truth_direction_group,prediction_direction_group
trend_method_v2_1,320476,320477,2026-03-08T22:28:31.099779,Neutral,1.0,0.0,regime=NOISE|slope_sum=0.070987|v2_1_override=none,Bull,65984.12,66124.26,140.14,03/08/2026  10:23:58 PM,03/08/2026  10:28:45 PM,False,False,False,False,False,True,False,False,True,False,False,False,NOISE,Bull,7.342796181401354,0.0,-1.6892046608700184,0.04183960218132207,0.07098695491549734,0.07098695491549734,-1.0006661339936973,0.07281932585283357,-0.0018323709373362362,7.342796181401354,0.0,-1.6892046608700184,0.04183960218132207,1,-1,True,0.07465169679016981,0.07098695491549734,1.6892046608700184,0.04183960218132207,103.43866968434126,True,False,False,True,False,True,neutral_called_bull_truth,Bull,Neutral
trend_method_v2_1,320477,320478,2026-03-08T22:33:33.098493,Neutral,1.0,0.0,regime=NOISE|slope_sum=0.550355|v2_1_override=none,Bear,66124.26,66100.0,-24.26,03/08/2026  10:28:59 PM,03/08/2026  10:33:47 PM,False,False,False,False,False,True,False,False,False,True,False,False,NOISE,Bull,24.334537373360945,0.0,-14.708169464123785,0.1458588974784583,0.5503553101825673,0.5503553101825673,0.08306964968909131,0.35384314557268226,0.19651216460988508,24.334537373360945,0.0,-14.708169464123785,0.1458588974784583,1,1,False,0.15733098096279718,0.5503553101825673,14.708169464123785,0.1458588974784583,44.21604901983873,True,True,False,True,False,True,neutral_called_bear_truth,Bear,Neutral
trend_method_v2_1,320478,320479,2026-03-08T22:38:33.144679,Neutral,1.0,0.0,regime=NOISE|slope_sum=2.060779|v2_1_override=none,Bull,66100.0,66163.9,63.9,03/08/2026  10:34:01 PM,03/08/2026  10:38:47 PM,False,False,False,False,False,True,False,False,True,False,False,False,NOISE,Bull,154.4336735928082,0.0,-37.753750419346034,0.665528010418001,2.060779023251598,2.060779023251598,0.03666102360405073,0.6945698870276829,1.3662091362239153,154.4336735928082,0.0,-37.753750419346034,0.665528010418001,1,1,False,0.6716392491962324,2.060779023251598,37.753750419346034,0.665528010418001,74.93946311096236,True,True,False,True,False,True,neutral_called_bull_truth,Bull,Neutral
trend_method_v2_1,320481,320482,2026-03-08T22:53:35.084533,Neutral,1.0,0.0,regime=NOISE|slope_sum=-0.111112|v2_1_override=none,Bull,66520.83,66569.16,48.33,03/08/2026  10:49:02 PM,03/08/2026  10:53:49 PM,False,False,False,False,False,True,False,False,True,False,False,False,NOISE,Bear,7.696334591455525,0.0,-6.253506428314722,0.06930493018257301,-0.11111207989233662,0.11111207989233662,16.15612560605531,-0.22873322660234408,0.11762114671000745,7.696334591455525,0.0,-6.253506428314722,0.06930493018257301,-1,1,True,0.3463543733123515,0.11111207989233662,6.253506428314722,0.06930493018257301,69.26640738714441,True,False,False,True,False,True,neutral_called_bull_truth,Bull,Neutral
trend_method_v2_1,320485,320486,2026-03-08T23:13:40.082981,Neutral,1.0,0.0,regime=NOISE|slope_sum=0.797391|v2_1_override=none,Bull,66818.88,67100.0,281.12,03/08/2026  11:09:07 PM,03/08/2026  11:13:54 PM,False,False,False,False,False,True,False,False,True,False,False,False,NOISE,Bull,102.0512470339745,0.0,-16.738463324596523,0.42443701351419044,0.7973907427149243,0.7973907427149243,0.6415720932569547,-0.30620148768502986,1.1035922303999541,102.0512470339745,0.0,-16.738463324596523,0.42443701351419044,-1,1,True,1.409793718084984,0.7973907427149243,16.738463324596523,0.42443701351419044,127.98147955231394,True,True,False,True,False,True,neutral_called_bull_truth,Bull,Neutral
trend_method_v2_1,320488,320489,2026-03-08T23:28:44.093198,Neutral,1.0,0.0,regime=NOISE|slope_sum=0.456616|v2_1_override=none,Bear,67481.95,67154.46,-327.49,03/08/2026  11:24:10 PM,03/08/2026  11:28:58 PM,False,False,False,False,False,True,False,False,False,True,False,False,NOISE,Bull,16.11345518042799,0.0,14.381675159122096,0.0481971394305306,0.45661644953725045,0.45661644953725045,-1.7674741052982754,0.3612654144617409,0.09535103507550957,16.11345518042799,0.0,14.381675159122096,0.0481971394305306,1,1,False,0.2659143793862313,0.45661644953725045,14.381675159122096,0.0481971394305306,35.28881886922356,False,False,False,True,False,True,neutral_called_bear_truth,Bear,Neutral
trend_method_v2_1,320489,320490,2026-03-08T23:33:45.152550,Neutral,1.0,0.0,regime=NOISE|slope_sum=0.971853|v2_1_override=none,Bull,67154.46,67210.08,55.62,03/08/2026  11:29:11 PM,03/08/2026  11:33:59 PM,False,False,False,False,False,True,False,False,True,False,False,False,NOISE,Bull,63.596768033341505,0.0,3.862329854775453,0.1902443173563197,0.9718529257315822,0.9718529257315822,-0.3621107341730559,0.5399047033606621,0.4319482223709201,63.596768033341505,0.0,3.862329854775453,0.1902443173563197,1,1,False,0.10795648098974198,0.9718529257315822,3.862329854775453,0.1902443173563197,65.43867528666206,False,False,False,True,False,True,neutral_called_bull_truth,Bull,Neutral
trend_method_v2_1,320490,320491,2026-03-08T23:38:47.110289,Neutral,1.0,0.0,regime=NOISE|slope_sum=-0.063417|v2_1_override=none,Bull,67210.08,67348.55,138.47,03/08/2026  11:34:12 PM,03/08/2026  11:39:01 PM,False,False,False,False,False,True,False,False,True,False,False,False,NOISE,Bear,14.763885350475903,0.0,-9.695222081805696,0.043688020468800395,-0.06341682168203988,0.06341682168203988,-0.016233001827126014,0.12036985025406466,-0.18378667193610454,14.763885350475903,0.0,-9.695222081805696,0.043688020468800395,1,-1,True,0.3041565221901692,0.06341682168203988,9.695222081805696,0.043688020468800395,232.80708428592135,True,False,False,True,False,True,neutral_called_bull_truth,Bull,Neutral
trend_method_v2_1,320491,320492,2026-03-08T23:43:49.089557,Neutral,1.0,0.0,regime=NOISE|slope_sum=-0.139667|v2_1_override=none,Bear,67348.55,67190.04,-158.51,03/08/2026  11:39:15 PM,03/08/2026  11:44:03 PM,False,False,False,False,False,True,False,False,False,True,False,False,NOISE,Bear,25.206577416232903,0.0,-8.77322203447693,0.07341897216198653,-0.1396672865630535,0.1396672865630535,-0.3337998040112329,0.05256858727443614,-0.19223587383748963,25.206577416232903,0.0,-8.77322203447693,0.07341897216198653,1,-1,True,0.24480446111192578,0.1396672865630535,8.77322203447693,0.07341897216198653,180.47588692040114,True,False,False,True,False,True,neutral_called_bear_truth,Bear,Neutral
trend_method_v2_1,320492,320493,2026-03-08T23:48:50.111202,Neutral,1.0,0.0,regime=NOISE|slope_sum=0.552963|v2_1_override=none,Bear,67190.04,67110.91,-79.13,03/08/2026  11:44:17 PM,03/08/2026  11:49:04 PM,False,False,False,False,False,True,False,False,False,True,False,False,NOISE,Bull,21.878433776728343,0.0,-5.57283308757178,0.10691811177807506,0.5529632104844495,0.5529632104844495,-0.32168994093554654,0.41164303503683186,0.14132017544761766,21.878433776728343,0.0,-5.57283308757178,0.10691811177807506,1,1,False,0.2703228595892142,0.5529632104844495,5.57283308757178,0.10691811177807506,39.56580358675346,True,True,False,True,False,True,neutral_called_bear_truth,Bear,Neutral
trend_method_v2_1,320493,320494,2026-03-08T23:53:51.116381,Neutral,1.0,0.0,regime=NOISE|slope_sum=0.586400|v2_1_override=none,Bull,67110.91,67136.75,25.84,03/08/2026  11:49:18 PM,03/08/2026  11:54:05 PM,False,False,False,False,False,True,False,False,True,False,False,False,NOISE,Bull,42.68255912914174,0.0,-10.677996328027803,0.24063311208862745,0.5864004910308722,0.5864004910308722,0.1960335008921516,0.17095551779675588,0.41544497323411633,42.68255912914174,0.0,-10.677996328027803,0.24063311208862745,1,1,False,0.24448945543736045,0.5864004910308722,10.677996328027803,0.24063311208862745,72.78738640567514,True,True,False,True,False,True,neutral_called_bull_truth,Bull,Neutral
trend_method_v2_1,320494,320495,2026-03-08T23:58:53.078438,Neutral,1.0,0.0,regime=NOISE|slope_sum=0.760420|v2_1_override=none,Bear,67136.75,67072.69,-64.06,03/08/2026  11:54:19 PM,03/08/2026  11:59:07 PM,False,False,False,False,False,True,False,False,False,True,False,False,NOISE,Bull,41.991186401457526,0.0,3.7982584929122822,0.11601716135905693,0.7604204685430886,0.7604204685430886,-0.38365661494650477,0.44564956898648234,0.3147708995566063,41.991186401457526,0.0,3.7982584929122822,0.11601716135905693,1,1,False,0.13087866942987603,0.7604204685430886,3.7982584929122822,0.11601716135905693,55.22101013654938,False,False,False,True,False,True,neutral_called_bear_truth,Bear,Neutral
trend_method_v2_1,320495,320496,2026-03-09T00:03:54.078736,Neutral,1.0,0.0,regime=NOISE|slope_sum=0.143201|v2_1_override=none,Bull,67072.69,67212.01,139.32,03/09/2026  11:59:21 PM,03/09/2026  12:04:08 AM,False,False,False,False,False,True,False,False,True,False,False,False,NOISE,Bull,12.533875538065331,0.0,-3.7104896274977364,0.1667258997930081,0.14320070428584586,0.14320070428584586,1.1809862155352944,-0.0555706104660203,0.19877131475186616,12.533875538065331,0.0,-3.7104896274977364,0.1667258997930081,-1,1,True,0.25434192521788646,0.14320070428584586,3.7104896274977364,0.1667258997930081,87.5266333400582,True,True,False,True,False,True,neutral_called_bull_truth,Bull,Neutral
trend_method_v2_1,320496,320497,2026-03-09T00:08:56.062769,Neutral,1.0,0.0,regime=NOISE|slope_sum=-0.368149|v2_1_override=none,Bull,67212.01,67215.02,3.01,03/09/2026  12:04:22 AM,03/09/2026  12:09:10 AM,False,False,False,False,False,True,False,False,True,False,False,False,NOISE,Bear,15.174829170820885,0.0,6.502689932938665,0.04446114403849822,-0.3681485183042241,0.3681485183042241,1.931229164934203,-0.35197012832577457,-0.01617838997844956,15.174829170820885,0.0,6.502689932938665,0.04446114403849822,-1,-1,False,0.335791738347325,0.3681485183042241,6.502689932938665,0.04446114403849822,41.21931344643081,False,False,False,True,False,True,neutral_called_bull_truth,Bull,Neutral
trend_method_v2_1,320498,320499,2026-03-09T00:18:59.068834,Neutral,1.0,0.0,regime=NOISE|slope_sum=0.022767|v2_1_override=none,Bear,67226.72,67188.75,-37.97,03/09/2026  12:14:24 AM,03/09/2026  12:19:13 AM,False,False,False,False,False,True,False,False,False,True,False,False,NOISE,Bull,1.9849899724358693,0.0,1.3336803928104928,0.030109501664299473,0.02276711815284216,0.02276711815284216,-1.5817298951103897,0.06279257911774039,-0.04002546096489823,1.9849899724358693,0.0,1.3336803928104928,0.030109501664299473,1,-1,True,0.10281804008263862,0.02276711815284216,1.3336803928104928,0.030109501664299473,87.18670317033826,False,False,False,True,False,True,neutral_called_bear_truth,Bear,Neutral
trend_method_v2_1,320500,320501,2026-03-09T00:29:01.077242,Neutral,1.0,0.0,regime=NOISE|slope_sum=0.743406|v2_1_override=none,Bull,67231.2,67351.89,120.69,03/09/2026  12:24:28 AM,03/09/2026  12:29:15 AM,False,False,False,False,False,True,False,False,True,False,False,False,NOISE,Bull,69.04133524974168,0.0,-14.645163986249827,0.3009479312529688,0.743405586505105,0.743405586505105,0.3361882667318998,0.025817417035796097,0.7175881694693089,69.04133524974168,0.0,-14.645163986249827,0.3009479312529688,1,1,False,0.6917707524335128,0.743405586505105,14.645163986249827,0.3009479312529688,92.87169279197711,True,True,False,True,False,True,neutral_called_bull_truth,Bull,Neutral
trend_method_v2_1,320502,320503,2026-03-09T00:39:04.090616,Neutral,1.0,0.0,regime=NOISE|slope_sum=0.124286|v2_1_override=none,Bear,67608.0,67506.54,-101.46,03/09/2026  12:34:31 AM,03/09/2026  12:39:18 AM,False,False,False,False,False,True,False,False,False,True,False,False,NOISE,Bull,7.5518371252546785,0.0,-0.49644092754169833,0.05901356110213479,0.12428610112874594,0.12428610112874594,0.4992323869998856,0.020517698696494335,0.1037684024322516,7.5518371252546785,0.0,-0.49644092754169833,0.05901356110213479,1,1,False,0.08325070373575727,0.12428610112874594,0.49644092754169833,0.05901356110213479,60.761718781666936,False,False,False,True,False,True,neutral_called_bear_truth,Bear,Neutral
trend_method_v2_1,320503,320504,2026-03-09T00:44:05.103972,Neutral,1.0,0.0,regime=NOISE|slope_sum=0.110641|v2_1_override=none,Bear,67506.54,67488.32,-18.22,03/09/2026  12:39:31 AM,03/09/2026  12:44:19 AM,False,False,False,False,False,True,False,False,False,True,False,False,NOISE,Bull,9.637401162748574,0.0,-13.410386893519899,0.08990914728312335,0.11064097873349965,0.11064097873349965,-105.76819671475235,0.25040210872975877,-0.13976112999625911,9.637401162748574,0.0,-13.410386893519899,0.08990914728312335,1,-1,True,0.3901632387260179,0.11064097873349965,13.410386893519899,0.08990914728312335,87.10516910702799,True,True,False,True,False,True,neutral_called_bear_truth,Bear,Neutral
trend_method_v2_1,320507,320508,2026-03-09T01:04:10.147285,Neutral,1.0,0.0,regime=NOISE|slope_sum=0.668661|v2_1_override=none,Bear,67397.28,67157.89,-239.39,03/09/2026  12:59:38 AM,03/09/2026  01:04:24 AM,False,False,False,False,False,True,False,False,False,True,False,False,NOISE,Bull,22.188477335730568,0.0,-6.065348300107871,0.13636048439892923,0.6686606273342477,0.6686606273342477,-0.4881558646140907,0.5266211094094615,0.1420395179247862,22.188477335730568,0.0,-6.065348300107871,0.13636048439892923,1,1,False,0.3845815914846753,0.6686606273342477,6.065348300107871,0.13636048439892923,33.18346621392898,True,True,False,True,False,True,neutral_called_bear_truth,Bear,Neutral
trend_method_v2_1,320508,320509,2026-03-09T01:09:11.079261,Neutral,1.0,0.0,regime=NOISE|slope_sum=-0.253508|v2_1_override=none,Bull,67157.89,67216.01,58.12,03/09/2026  01:04:37 AM,03/09/2026  01:09:25 AM,False,False,False,False,False,True,False,False,True,False,False,False,NOISE,Bear,16.26151979781571,0.0,-1.62714165286161,0.10206762217761325,-0.2535081965579593,0.2535081965579593,-0.2844376947324223,-0.03414396834887157,-0.21936422820908774,16.26151979781571,0.0,-1.62714165286161,0.10206762217761325,-1,-1,False,0.18522025986021617,0.2535081965579593,1.62714165286161,0.10206762217761325,64.1459330254746,True,False,False,True,False,True,neutral_called_bull_truth,Bull,Neutral
trend_method_v2_1,320509,320510,2026-03-09T01:14:12.094468,Neutral,1.0,0.0,regime=NOISE|slope_sum=0.035659|v2_1_override=none,Bear,67216.01,67169.18,-46.83,03/09/2026  01:09:39 AM,03/09/2026  01:14:26 AM,False,False,False,False,False,True,False,False,False,True,False,False,NOISE,Bull,3.846626409460441,0.0,2.4130219091748586,0.052578875578113915,0.03565868074474565,0.03565868074474565,-1.476271358509909,0.14163653051036817,-0.10597784976562252,3.846626409460441,0.0,2.4130219091748586,0.052578875578113915,1,-1,True,0.2476143802759907,0.03565868074474565,2.4130219091748586,0.052578875578113915,107.87349192741087,False,False,False,True,False,True,neutral_called_bear_truth,Bear,Neutral
trend_method_v2_1,320511,320512,2026-03-09T01:24:15.232747,Neutral,1.0,0.0,regime=NOISE|slope_sum=0.905622|v2_1_override=none,Bull,67160.36,67194.43,34.07,03/09/2026  01:19:42 AM,03/09/2026  01:24:29 AM,False,False,False,False,False,True,False,False,True,False,False,False,NOISE,Bull,65.51827877303003,0.0,-16.0052926264907,0.362585585741354,0.9056220772454253,0.9056220772454253,0.37156143072472714,0.16864563994749915,0.7369764372979262,65.51827877303003,0.0,-16.0052926264907,0.362585585741354,1,1,False,0.568330797350427,0.9056220772454253,16.0052926264907,0.362585585741354,72.34615897650478,True,True,False,True,False,True,neutral_called_bull_truth,Bull,Neutral
trend_method_v2_1,320515,320516,2026-03-09T01:44:21.105189,Neutral,1.0,0.0,regime=NOISE|slope_sum=2.934054|v2_1_override=none,Bear,67628.91,67560.0,-68.91,03/09/2026  01:39:48 AM,03/09/2026  01:44:35 AM,False,False,False,False,False,True,False,False,False,True,False,False,NOISE,Bull,182.61492036801064,0.0,-21.613367645783,0.6819285371685899,2.9340542292975442,2.9340542292975442,-0.20263598239356426,1.542991528796847,1.3910627005006972,182.61492036801064,0.0,-21.613367645783,0.6819285371685899,1,1,False,0.15192882829614973,2.9340542292975442,21.613367645783,0.6819285371685899,62.23979043895564,True,True,False,True,False,True,neutral_called_bear_truth,Bear,Neutral
trend_method_v2_1,320516,320517,2026-03-09T01:49:23.107473,Neutral,1.0,0.0,regime=NOISE|slope_sum=-0.007982|v2_1_override=none,Bull,67560.0,67961.94,401.94,03/09/2026  01:44:49 AM,03/09/2026  01:49:37 AM,False,False,False,False,False,True,False,False,True,False,False,False,NOISE,Bear,5.748567209433531,0.0,-4.162414980091853,0.12052344288039465,-0.007981539760294254,0.007981539760294254,-1.3534021293586558,0.1683569772339979,-0.17633851699429215,5.748567209433531,0.0,-4.162414980091853,0.12052344288039465,1,-1,True,0.34469549422829004,0.007981539760294254,4.162414980091853,0.12052344288039465,720.2328600843304,True,False,False,True,False,True,neutral_called_bull_truth,Bull,Neutral
trend_method_v2_1,320517,320518,2026-03-09T01:54:24.071542,Neutral,1.0,0.0,regime=NOISE|slope_sum=-1.232927|v2_1_override=none,Bear,67961.94,67894.53,-67.41,03/09/2026  01:49:51 AM,03/09/2026  01:54:38 AM,False,False,False,False,False,True,False,False,False,True,False,False,NOISE,Bear,58.05051118163101,0.0,-7.0141639114008285,0.3091296179195134,-1.2329273431914771,1.2329273431914771,0.29359143556226064,-0.7969354154429311,-0.435991927748546,58.05051118163101,0.0,-7.0141639114008285,0.3091296179195134,-1,-1,False,0.3609434876943851,1.2329273431914771,7.0141639114008285,0.3091296179195134,47.083481035764166,True,False,False,True,False,True,neutral_called_bear_truth,Bear,Neutral
trend_method_v2_1,320518,320519,2026-03-09T01:59:26.079228,Neutral,1.0,0.0,regime=NOISE|slope_sum=0.408489|v2_1_override=none,Bear,67894.53,67888.8,-5.73,03/09/2026  01:54:51 AM,03/09/2026  01:59:40 AM,False,False,False,False,False,True,False,False,False,True,False,False,NOISE,Bull,13.342873141577002,0.0,5.9209167368971976,0.043382653380173136,0.40848850078509713,0.40848850078509713,-0.9813346478590081,0.3339973116217152,0.07449118916338193,13.342873141577002,0.0,5.9209167368971976,0.043382653380173136,1,1,False,0.25950612245833327,0.40848850078509713,5.9209167368971976,0.043382653380173136,32.664011632965384,False,False,False,True,False,True,neutral_called_bear_truth,Bear,Neutral
trend_method_v2_1,320520,320521,2026-03-09T02:09:29.105471,Neutral,1.0,0.0,regime=NOISE|slope_sum=-0.656798|v2_1_override=none,Bear,67904.11,67782.19,-121.92,03/09/2026  02:04:54 AM,03/09/2026  02:09:43 AM,False,False,False,False,False,True,False,False,False,True,False,False,NOISE,Bear,58.88131695498305,0.0,-5.509701820556074,0.12588564375265768,-0.6567977025151777,0.6567977025151777,0.21509593221540985,-0.21595582156442106,-0.4408418809507566,58.88131695498305,0.0,-5.509701820556074,0.12588564375265768,-1,-1,False,0.22488605938633555,0.6567977025151777,5.509701820556074,0.12588564375265768,89.64909092936784,True,False,False,True,False,True,neutral_called_bear_truth,Bear,Neutral
trend_method_v2_1,320521,320522,2026-03-09T02:14:31.083673,Neutral,1.0,0.0,regime=NOISE|slope_sum=0.425377|v2_1_override=none,Bear,67782.19,67631.24,-150.95,03/09/2026  02:09:57 AM,03/09/2026  02:14:45 AM,False,False,False,False,False,True,False,False,False,True,False,False,NOISE,Bull,11.148421053265338,0.0,-10.979842321408796,0.12689514143220593,0.4253765169014514,0.4253765169014514,-0.13896694448056315,0.34580359473693534,0.07957292216451606,11.148421053265338,0.0,-10.979842321408796,0.12689514143220593,1,1,False,0.2662306725724193,0.4253765169014514,10.979842321408796,0.12689514143220593,26.20836038263987,True,True,False,True,False,True,neutral_called_bear_truth,Bear,Neutral
trend_method_v2_1,320522,320523,2026-03-09T02:19:32.063832,Neutral,1.0,0.0,regime=NOISE|slope_sum=0.179642|v2_1_override=none,Bull,67631.24,67651.44,20.2,03/09/2026  02:14:59 AM,03/09/2026  02:19:46 AM,False,False,False,False,False,True,False,False,True,False,False,False,NOISE,Bull,9.194426282600034,0.0,-1.076419203527621,0.2191693681573573,0.1796416593115282,0.1796416593115282,0.868032936688768,-0.04105447937035933,0.22069613868188753,9.194426282600034,0.0,-1.076419203527621,0.2191693681573573,-1,1,True,0.26175061805224686,0.1796416593115282,1.076419203527621,0.2191693681573573,51.18203827462641,True,True,False,True,False,True,neutral_called_bull_truth,Bull,Neutral
trend_method_v2_1,320524,320525,2026-03-09T02:29:35.218075,Neutral,1.0,0.0,regime=NOISE|slope_sum=-0.716395|v2_1_override=none,Bear,67613.1,67561.9,-51.2,03/09/2026  02:25:01 AM,03/09/2026  02:29:49 AM,False,False,False,False,False,True,False,False,False,True,False,False,NOISE,Bear,43.839231768331956,0.0,-4.388840421655914,0.15189688371555388,-0.716395327635837,0.716395327635837,0.24388801230047819,-0.3888056129562756,-0.32758971467956144,43.839231768331956,0.0,-4.388840421655914,0.15189688371555388,-1,-1,False,0.06121589827671414,0.716395327635837,4.388840421655914,0.15189688371555388,61.19418996352893,True,False,False,True,False,True,neutral_called_bear_truth,Bear,Neutral
trend_method_v2_1,320526,320527,2026-03-09T02:39:37.103666,Neutral,1.0,0.0,regime=NOISE|slope_sum=-0.200037|v2_1_override=none,Bear,67525.23,67471.14,-54.09,03/09/2026  02:35:04 AM,03/09/2026  02:39:51 AM,False,False,False,False,False,True,False,False,False,True,False,False,NOISE,Bear,24.11484560430108,0.0,-3.4037177946738666,0.12660533736301918,-0.20003710834680533,0.20003710834680533,-0.5467819379868444,0.05307307613475132,-0.25311018448155664,24.11484560430108,0.0,-3.4037177946738666,0.12660533736301918,1,-1,True,0.30618326061630796,0.20003710834680533,3.4037177946738666,0.12660533736301918,120.55186062024579,True,False,False,True,False,True,neutral_called_bear_truth,Bear,Neutral
trend_method_v2_1,320527,320528,2026-03-09T02:44:37.096930,Neutral,1.0,0.0,regime=NOISE|slope_sum=0.330803|v2_1_override=none,Bear,67471.14,67419.99,-51.15,03/09/2026  02:40:04 AM,03/09/2026  02:44:51 AM,False,False,False,False,False,True,False,False,False,True,False,False,NOISE,Bull,5.0165740157535765,0.0,-7.573280267504742,0.15244203662247555,0.33080341060667706,0.33080341060667706,-0.17234182371364312,0.3049047599452024,0.025898650661474676,5.0165740157535765,0.0,-7.573280267504742,0.15244203662247555,1,1,False,0.2790061092837277,0.33080341060667706,7.573280267504742,0.15244203662247555,15.164819511846714,True,True,False,True,False,True,neutral_called_bear_truth,Bear,Neutral
trend_method_v2_1,320528,320529,2026-03-09T02:49:38.109154,Neutral,1.0,0.0,regime=NOISE|slope_sum=0.646438|v2_1_override=none,Bear,67419.99,67363.63,-56.36,03/09/2026  02:45:04 AM,03/09/2026  02:49:52 AM,False,False,False,False,False,True,False,False,False,True,False,False,NOISE,Bull,28.673091017713887,0.0,28.284455927991075,0.03288625193138925,0.6464377912034251,0.6464377912034251,-2.7560609691812634,0.6366380180006672,0.009799773202757933,28.673091017713887,0.0,28.284455927991075,0.03288625193138925,1,1,False,0.6268382447979093,0.6464377912034251,28.284455927991075,0.03288625193138925,44.35553027358646,False,False,False,True,False,True,neutral_called_bear_truth,Bear,Neutral
trend_method_v2_1,320529,320530,2026-03-09T02:54:39.074526,Neutral,1.0,0.0,regime=NOISE|slope_sum=-0.237951|v2_1_override=none,Bear,67363.63,67354.09,-9.54,03/09/2026  02:50:05 AM,03/09/2026  02:54:53 AM,False,False,False,False,False,True,False,False,False,True,False,False,NOISE,Bear,7.997942811562098,0.0,-4.094900970143499,0.1983474815641308,-0.23795124541175028,0.23795124541175028,-0.675865456900084,-0.08023812375540729,-0.157713121656343,7.997942811562098,0.0,-4.094900970143499,0.1983474815641308,-1,-1,False,0.0774749979009357,0.23795124541175028,4.094900970143499,0.1983474815641308,33.61168712406811,True,False,False,True,False,True,neutral_called_bear_truth,Bear,Neutral
trend_method_v2_1,320530,320531,2026-03-09T02:59:40.072971,Neutral,1.0,0.0,regime=NOISE|slope_sum=0.013859|v2_1_override=none,Bear,67354.09,67323.45,-30.64,03/09/2026  02:55:06 AM,03/09/2026  02:59:54 AM,False,False,False,False,False,True,False,False,False,True,False,False,NOISE,Bull,4.017328235713649,0.0,-3.3420401368202874,0.016050464113885984,0.013858794512998429,0.013858794512998429,-2.3331680120652276,0.051496694186425884,-0.037637899673427455,4.017328235713649,0.0,-3.3420401368202874,0.016050464113885984,1,-1,True,0.08913459385985334,0.013858794512998429,3.3420401368202874,0.016050464113885984,289.8757342816303,True,False,False,True,False,True,neutral_called_bear_truth,Bear,Neutral
trend_method_v2_1,320531,320532,2026-03-09T03:04:42.138607,Neutral,1.0,0.0,regime=NOISE|slope_sum=-0.873674|v2_1_override=none,Bear,67323.45,67253.18,-70.27,03/09/2026  03:00:07 AM,03/09/2026  03:04:56 AM,False,False,False,False,False,True,False,False,False,True,False,False,NOISE,Bear,55.68127951599308,0.0,-5.795134975574911,0.20558806139133157,-0.8736740706353885,0.8736740706353885,0.21700544904388364,-0.4701940800114244,-0.4034799906239641,55.68127951599308,0.0,-5.795134975574911,0.20558806139133157,-1,-1,False,0.06671408938746026,0.8736740706353885,5.795134975574911,0.20558806139133157,63.73232465912408,True,False,False,True,False,True,neutral_called_bear_truth,Bear,Neutral
trend_method_v2_1,320533,320534,2026-03-09T03:14:45.100725,Neutral,1.0,0.0,regime=NOISE|slope_sum=-0.615920|v2_1_override=none,Bull,67170.23,67245.98,75.75,03/09/2026  03:10:10 AM,03/09/2026  03:14:59 AM,False,False,False,False,False,True,False,False,True,False,False,False,NOISE,Bear,25.40288923686603,0.0,-15.542013753030915,0.23108774571418988,-0.6159203420611448,0.6159203420611448,-0.03655599746007307,-0.37082693574848236,-0.2450934063126624,25.40288923686603,0.0,-15.542013753030915,0.23108774571418988,-1,-1,False,0.12573352943581995,0.6159203420611448,15.542013753030915,0.23108774571418988,41.24378998728408,True,False,False,True,False,True,neutral_called_bull_truth,Bull,Neutral
trend_method_v2_1,320536,320537,2026-03-09T03:29:50.275498,Neutral,1.0,0.0,regime=NOISE|slope_sum=0.202010|v2_1_override=none,Bull,66995.11,67146.1,150.99,03/09/2026  03:25:17 AM,03/09/2026  03:30:04 AM,False,False,False,False,False,True,False,False,True,False,False,False,NOISE,Bull,27.70310017876909,0.0,-6.637870337741333,0.06630912248649458,0.20200990386365447,0.20200990386365447,0.46788378269528136,-0.0304176760619157,0.23242757992557017,27.70310017876909,0.0,-6.637870337741333,0.06630912248649458,-1,1,True,0.26284525598748587,0.20200990386365447,6.637870337741333,0.06630912248649458,137.13733658062208,True,True,False,True,False,True,neutral_called_bull_truth,Bull,Neutral
trend_method_v2_1,320538,320539,2026-03-09T03:39:53.110090,Neutral,1.0,0.0,regime=NOISE|slope_sum=-0.585106|v2_1_override=none,Bull,67220.81,67301.35,80.54,03/09/2026  03:35:20 AM,03/09/2026  03:40:07 AM,False,False,False,False,False,True,False,False,True,False,False,False,NOISE,Bear,9.143799636163749,0.0,1.195775646599941,0.12970290110956523,-0.585106209757214,0.585106209757214,2.738112621592565,-0.6978926965912251,0.11278648683401116,9.143799636163749,0.0,1.195775646599941,0.12970290110956523,-1,1,True,0.8106791834252363,0.585106209757214,1.195775646599941,0.12970290110956523,15.627589459284511,False,False,True,True,False,True,neutral_called_bull_truth,Bull,Neutral
trend_method_v2_1,320539,320540,2026-03-09T03:44:54.068960,Neutral,1.0,0.0,regime=NOISE|slope_sum=0.087170|v2_1_override=none,Bull,67301.35,67386.72,85.37,03/09/2026  03:40:20 AM,03/09/2026  03:45:08 AM,False,False,False,False,False,True,False,False,True,False,False,False,NOISE,Bull,14.010276165499818,0.0,0.1285512843169272,0.05142580379075039,0.08717045253615652,0.08717045253615652,0.5386938580248803,-0.09641388642194215,0.18358433895809867,14.010276165499818,0.0,0.1285512843169272,0.05142580379075039,-1,1,True,0.2799982253800408,0.08717045253615652,0.1285512843169272,0.05142580379075039,160.72276508704186,False,False,False,True,False,True,neutral_called_bull_truth,Bull,Neutral
trend_method_v2_1,320542,320543,2026-03-09T03:59:58.080505,Neutral,1.0,0.0,regime=NOISE|slope_sum=0.109004|v2_1_override=none,Bull,67494.01,67498.6,4.59,03/09/2026  03:55:25 AM,03/09/2026  04:00:12 AM,False,False,False,False,False,True,False,False,True,False,False,False,NOISE,Bull,16.089954938259325,0.0,-3.853639396606013,0.026414179492885954,0.10900369406954269,0.10900369406954269,-0.34532287260333044,-0.005471406293509062,0.11447510036305175,16.089954938259325,0.0,-3.853639396606013,0.026414179492885954,-1,1,True,0.11994650665656081,0.10900369406954269,3.853639396606013,0.026414179492885954,147.60926293006347,True,False,False,True,False,True,neutral_called_bull_truth,Bull,Neutral
trend_method_v2_1,320544,320545,2026-03-09T04:10:01.080670,Neutral,1.0,0.0,regime=NOISE|slope_sum=1.427158|v2_1_override=none,Bear,67547.52,67459.86,-87.66,03/09/2026  04:05:27 AM,03/09/2026  04:10:15 AM,False,False,False,False,False,True,False,False,False,True,False,False,NOISE,Bull,74.59168942074757,0.0,-2.133028772776015,0.2870021045645921,1.427158321323077,1.427158321323077,-0.34114883349549974,0.9168371544146794,0.5103211669083976,74.59168942074757,0.0,-2.133028772776015,0.2870021045645921,1,1,False,0.4065159875062818,1.427158321323077,2.133028772776015,0.2870021045645921,52.26588270290558,True,True,False,True,False,True,neutral_called_bear_truth,Bear,Neutral
trend_method_v2_1,320545,320546,2026-03-09T04:15:02.064290,Neutral,1.0,0.0,regime=NOISE|slope_sum=0.028426|v2_1_override=none,Bull,67459.86,67623.12,163.26,03/09/2026  04:10:28 AM,03/09/2026  04:15:16 AM,False,False,False,False,False,True,False,False,True,False,False,False,NOISE,Bull,3.5065768017084338,0.0,1.0741206651291577,0.03639240640539876,0.028425990016330616,0.028425990016330616,-64.27162478391477,0.05155480667781376,-0.023128816661483143,3.5065768017084338,0.0,1.0741206651291577,0.03639240640539876,1,-1,True,0.0746836233392969,0.028425990016330616,1.0741206651291577,0.03639240640539876,123.35812401587138,False,False,False,True,False,True,neutral_called_bull_truth,Bull,Neutral
trend_method_v2_1,320547,320548,2026-03-09T04:25:05.136303,Neutral,1.0,0.0,regime=NOISE|slope_sum=1.455766|v2_1_override=none,Bear,67554.98,67454.59,-100.39,03/09/2026  04:20:32 AM,03/09/2026  04:25:19 AM,False,False,False,False,False,True,False,False,False,True,False,False,NOISE,Bull,103.40072512127517,0.0,-26.716276428254787,0.4439223475022508,1.4557662268271088,1.4557662268271088,0.06007670679890435,0.4973663840937661,0.9583998427333427,103.40072512127517,0.0,-26.716276428254787,0.4439223475022508,1,1,False,0.46103345863957657,1.4557662268271088,26.716276428254787,0.4439223475022508,71.02838575025918,True,True,False,True,False,True,neutral_called_bear_truth,Bear,Neutral
trend_method_v2_1,320548,320549,2026-03-09T04:30:06.103726,Neutral,1.0,0.0,regime=NOISE|slope_sum=0.465676|v2_1_override=none,Bull,67454.59,67722.07,267.48,03/09/2026  04:25:33 AM,03/09/2026  04:30:20 AM,False,False,False,False,False,True,False,False,True,False,False,False,NOISE,Bull,43.23544518383278,0.0,-9.456104057346238,0.11476638377505533,0.46567591701750644,0.46567591701750644,-0.10792709796733936,0.16558440608423552,0.3000915109332709,43.23544518383278,0.0,-9.456104057346238,0.11476638377505533,1,1,False,0.13450710484903539,0.46567591701750644,9.456104057346238,0.11476638377505533,92.8444946449902,True,True,False,True,False,True,neutral_called_bull_truth,Bull,Neutral
trend_method_v2_1,320552,320553,2026-03-09T04:50:12.124267,Neutral,1.0,0.0,regime=NOISE|slope_sum=-0.748027|v2_1_override=none,Bull,67705.11,67770.4,65.29,03/09/2026  04:45:39 AM,03/09/2026  04:50:26 AM,False,False,False,False,False,True,False,False,True,False,False,False,NOISE,Bear,38.32045245845802,0.0,34.908594676613575,0.06430782557692423,-0.7480266130496602,0.7480266130496602,3.3179250503296784,-0.7137640104992897,-0.0342626025503705,38.32045245845802,0.0,34.908594676613575,0.06430782557692423,-1,-1,False,0.6795014079489192,0.7480266130496602,34.908594676613575,0.06430782557692423,51.22872875101035,False,False,True,True,False,True,neutral_called_bull_truth,Bull,Neutral
trend_method_v2_1,320553,320554,2026-03-09T04:55:14.089989,Neutral,1.0,0.0,regime=NOISE|slope_sum=0.505605|v2_1_override=none,Bear,67770.4,67765.58,-4.82,03/09/2026  04:50:40 AM,03/09/2026  04:55:28 AM,False,False,False,False,False,True,False,False,False,True,False,False,NOISE,Bull,40.420611687077326,0.0,-7.549721701841918,0.16559139709085383,0.5056054727738228,0.5056054727738228,0.21249382764968358,0.09102637832438631,0.4145790944494365,40.420611687077326,0.0,-7.549721701841918,0.16559139709085383,1,1,False,0.3235527161250502,0.5056054727738228,7.549721701841918,0.16559139709085383,79.94496472778302,True,True,False,True,False,True,neutral_called_bear_truth,Bear,Neutral
trend_method_v2_1,320554,320555,2026-03-09T05:00:16.094359,Neutral,1.0,0.0,regime=NOISE|slope_sum=-0.531656|v2_1_override=none,Bull,67765.58,67862.63,97.05,03/09/2026  04:55:42 AM,03/09/2026  05:00:30 AM,False,False,False,False,False,True,False,False,True,False,False,False,NOISE,Bear,36.21437354959198,0.0,-4.577236820347025,0.12963746852294122,-0.5316561086765432,0.5316561086765432,0.10254832886734708,-0.22563175230607158,-0.30602435637047165,36.21437354959198,0.0,-4.577236820347025,0.12963746852294122,-1,-1,False,0.08039260406440008,0.5316561086765432,4.577236820347025,0.12963746852294122,68.11616185458826,True,False,False,True,False,True,neutral_called_bull_truth,Bull,Neutral
trend_method_v2_1,320556,320557,2026-03-09T05:10:19.086743,Neutral,1.0,0.0,regime=NOISE|slope_sum=0.074207|v2_1_override=none,Bear,67818.13,67705.81,-112.32,03/09/2026  05:05:46 AM,03/09/2026  05:10:33 AM,False,False,False,False,False,True,False,False,False,True,False,False,NOISE,Bull,13.447507388627855,0.0,-5.723730528639862,0.16480397668215335,0.07420740897396172,0.07420740897396172,0.10424366611306754,0.15178586809997796,-0.07757845912601624,13.447507388627855,0.0,-5.723730528639862,0.16480397668215335,1,-1,True,0.2293643272259942,0.07420740897396172,5.723730528639862,0.16480397668215335,181.21515862851896,True,True,False,True,False,True,neutral_called_bear_truth,Bear,Neutral
trend_method_v2_1,320558,320559,2026-03-09T05:20:20.113546,Neutral,1.0,0.0,regime=NOISE|slope_sum=-0.927050|v2_1_override=none,Bull,67649.05,67820.53,171.48,03/09/2026  05:15:47 AM,03/09/2026  05:20:34 AM,False,False,False,False,False,True,False,False,True,False,False,False,NOISE,Bear,28.595937579797464,0.0,24.302324567805044,0.15077289132168514,-0.9270500300463027,0.9270500300463027,1.5731957963225889,-0.8976680158630188,-0.0293820141832839,28.595937579797464,0.0,24.302324567805044,0.15077289132168514,-1,-1,False,0.8682860016797349,0.9270500300463027,24.302324567805044,0.15077289132168514,30.846164341712175,False,False,True,True,False,True,neutral_called_bull_truth,Bull,Neutral
trend_method_v2_1,320560,320561,2026-03-09T05:30:23.113070,Neutral,1.0,0.0,regime=NOISE|slope_sum=-0.161938|v2_1_override=none,Bull,67861.44,67976.17,114.73,03/09/2026  05:25:50 AM,03/09/2026  05:30:37 AM,False,False,False,False,False,True,False,False,True,False,False,False,NOISE,Bear,3.6051660534576513,0.0,-2.8416952419793233,0.05139115317890951,-0.1619376625676523,0.1619376625676523,10.42653228459938,-0.2557394174091314,0.09380175484147912,3.6051660534576513,0.0,-2.8416952419793233,0.05139115317890951,-1,1,True,0.34954117225061054,0.1619376625676523,2.8416952419793233,0.05139115317890951,22.26267809658874,True,False,False,True,False,True,neutral_called_bull_truth,Bull,Neutral
trend_method_v2_1,320562,320563,2026-03-09T05:40:25.090268,Neutral,1.0,0.0,regime=NOISE|slope_sum=0.352860|v2_1_override=none,Bull,67981.4,68363.99,382.59,03/09/2026  05:35:51 AM,03/09/2026  05:40:39 AM,False,False,False,False,False,True,False,False,True,False,False,False,NOISE,Bull,27.257918448987766,0.0,-4.320353356801206,0.0856020622154964,0.3528599510900676,0.3528599510900676,-0.46362765593648825,0.24887680330539297,0.10398314778467466,27.257918448987766,0.0,-4.320353356801206,0.0856020622154964,1,1,False,0.1448936555207183,0.3528599510900676,4.320353356801206,0.0856020622154964,77.24854680952492,True,True,False,True,False,True,neutral_called_bull_truth,Bull,Neutral
trend_method_v2_1,320563,320564,2026-03-09T05:45:27.106615,Neutral,1.0,0.0,regime=NOISE|slope_sum=-0.122259|v2_1_override=none,Bear,68363.99,68275.66,-88.33,03/09/2026  05:40:52 AM,03/09/2026  05:45:41 AM,False,False,False,False,False,True,False,False,False,True,False,False,NOISE,Bear,16.438283213050454,0.0,-20.849075258345692,0.1204854075977069,-0.12225878899880627,0.12225878899880627,3.802451578816706,-0.33234332790016197,0.2100845389013557,16.438283213050454,0.0,-20.849075258345692,0.1204854075977069,-1,1,True,0.5424278668015177,0.12225878899880627,20.849075258345692,0.1204854075977069,134.45481791260795,True,False,False,True,False,True,neutral_called_bear_truth,Bear,Neutral
trend_method_v2_1,320566,320567,2026-03-09T06:00:31.135071,Neutral,1.0,0.0,regime=NOISE|slope_sum=-0.365150|v2_1_override=none,Bear,68230.9,68084.0,-146.9,03/09/2026  05:55:59 AM,03/09/2026  06:00:45 AM,False,False,False,False,False,True,False,False,False,True,False,False,NOISE,Bear,37.12467992796155,0.0,-9.524620996671729,0.09837775285732711,-0.36514966044342145,0.36514966044342145,-0.23072299423496395,-0.04471129848752753,-0.3204383619558939,37.12467992796155,0.0,-9.524620996671729,0.09837775285732711,-1,-1,False,0.2757270634683664,0.36514966044342145,9.524620996671729,0.09837775285732711,101.66976434506059,True,False,False,True,False,True,neutral_called_bear_truth,Bear,Neutral
trend_method_v2_1,320567,320568,2026-03-09T06:05:32.069353,Neutral,1.0,0.0,regime=NOISE|slope_sum=0.572945|v2_1_override=none,Bear,68084.0,68003.32,-80.68,03/09/2026  06:00:58 AM,03/09/2026  06:05:46 AM,False,False,False,False,False,True,False,False,False,True,False,False,NOISE,Bull,24.153904846229125,0.0,-10.433554558680044,0.24210861944357887,0.5729451486713515,0.5729451486713515,-0.0842794873219921,0.3945087552383484,0.1784363934330031,24.153904846229125,0.0,-10.433554558680044,0.24210861944357887,1,1,False,0.21607236180534528,0.5729451486713515,10.433554558680044,0.24210861944357887,42.15744718712001,True,True,False,True,False,True,neutral_called_bear_truth,Bear,Neutral
trend_method_v2_1,320568,320569,2026-03-09T06:10:33.105752,Neutral,1.0,0.0,regime=NOISE|slope_sum=0.366921|v2_1_override=none,Bull,68003.32,68004.76,1.44,03/09/2026  06:05:59 AM,03/09/2026  06:10:47 AM,False,False,False,False,False,True,False,False,True,False,False,False,NOISE,Bull,11.340637936620624,0.0,4.436788111910573,0.07360376965648137,0.36692069765922497,0.36692069765922497,-7.23286043119227,0.48164106106196414,-0.11472036340273917,11.340637936620624,0.0,4.436788111910573,0.07360376965648137,1,-1,True,0.5963614244647033,0.36692069765922497,4.436788111910573,0.07360376965648137,30.90759940490782,False,False,False,True,False,True,neutral_called_bull_truth,Bull,Neutral
trend_method_v2_1,320569,320570,2026-03-09T06:15:35.096118,Neutral,1.0,0.0,regime=NOISE|slope_sum=-0.335501|v2_1_override=none,Bear,68004.76,68002.47,-2.29,03/09/2026  06:11:00 AM,03/09/2026  06:15:49 AM,False,False,False,False,False,True,False,False,False,True,False,False,NOISE,Bear,25.649353347936994,0.0,-5.609469657225418,0.16718758327049382,-0.33550077468316886,0.33550077468316886,-0.3900960764718796,-0.0548321527094231,-0.28066862197374576,25.649353347936994,0.0,-5.609469657225418,0.16718758327049382,-1,-1,False,0.22583646926432266,0.33550077468316886,5.609469657225418,0.16718758327049382,76.45095118531108,True,False,False,True,False,True,neutral_called_bear_truth,Bear,Neutral
trend_method_v2_1,320570,320571,2026-03-09T06:20:36.079915,Neutral,1.0,0.0,regime=NOISE|slope_sum=-0.110766|v2_1_override=none,Bear,68002.47,67860.96,-141.51,03/09/2026  06:16:02 AM,03/09/2026  06:20:50 AM,False,False,False,False,False,True,False,False,False,True,False,False,NOISE,Bear,19.831516011894564,0.0,-7.425460867554648,0.0695125354836429,-0.11076572196543566,0.11076572196543566,0.025217679717191,0.035841739327224786,-0.14660746129266045,19.831516011894564,0.0,-7.425460867554648,0.0695125354836429,1,-1,True,0.18244920061988523,0.11076572196543566,7.425460867554648,0.0695125354836429,179.0401909544089,True,False,False,True,False,True,neutral_called_bear_truth,Bear,Neutral
trend_method_v2_1,320571,320572,2026-03-09T06:25:37.114435,Neutral,1.0,0.0,regime=NOISE|slope_sum=-0.193036|v2_1_override=none,Bull,67860.96,67881.84,20.88,03/09/2026  06:21:03 AM,03/09/2026  06:25:51 AM,False,False,False,False,False,True,False,False,True,False,False,False,NOISE,Bear,8.956140207592398,0.0,5.026534904143773,0.03277828950321281,-0.19303634545030945,0.19303634545030945,0.820095196900309,-0.14636768664058764,-0.04666865880972182,8.956140207592398,0.0,5.026534904143773,0.03277828950321281,-1,-1,False,0.09969902783086582,0.19303634545030945,5.026534904143773,0.03277828950321281,46.396134296366725,False,False,False,True,False,True,neutral_called_bull_truth,Bull,Neutral
trend_method_v2_1,320573,320574,2026-03-09T06:35:40.096318,Neutral,1.0,0.0,regime=NOISE|slope_sum=0.517644|v2_1_override=none,Bear,67911.17,67795.3,-115.87,03/09/2026  06:31:07 AM,03/09/2026  06:35:54 AM,False,False,False,False,False,True,False,False,False,True,False,False,NOISE,Bull,17.661741268617334,0.0,0.8155327292915899,0.10253611108914591,0.5176443899999867,0.5176443899999867,-0.6814538320242604,0.4154410269293294,0.10220336307065736,17.661741268617334,0.0,0.8155327292915899,0.10253611108914591,1,1,False,0.313237663858672,0.5176443899999867,0.8155327292915899,0.10253611108914591,34.11944881430626,False,False,False,True,False,True,neutral_called_bear_truth,Bear,Neutral
trend_method_v2_1,320575,320576,2026-03-09T06:45:43.085329,Neutral,1.0,0.0,regime=NOISE|slope_sum=-0.245240|v2_1_override=none,Bear,67823.15,67717.33,-105.82,03/09/2026  06:41:08 AM,03/09/2026  06:45:57 AM,False,False,False,False,False,True,False,False,False,True,False,False,NOISE,Bear,40.160312977212016,0.0,-12.52384193065518,0.10317163541358675,-0.24524005119747017,0.24524005119747017,1.0963217631959372,0.023228221894896706,-0.26846827309236687,40.160312977212016,0.0,-12.52384193065518,0.10317163541358675,1,-1,True,0.2916964949872636,0.24524005119747017,12.52384193065518,0.10317163541358675,163.75919341524872,True,False,False,True,False,True,neutral_called_bear_truth,Bear,Neutral
trend_method_v2_1,320576,320577,2026-03-09T06:50:44.058887,Neutral,1.0,0.0,regime=NOISE|slope_sum=0.109788|v2_1_override=none,Bear,67717.33,67594.49,-122.84,03/09/2026  06:46:11 AM,03/09/2026  06:50:58 AM,False,False,False,False,False,True,False,False,False,True,False,False,NOISE,Bull,9.83635049170698,0.0,-1.7115208833129145,0.038132102710993154,0.1097884944992984,0.1097884944992984,-0.7443930554972598,0.018609801816637628,0.09117869268266077,9.83635049170698,0.0,-1.7115208833129145,0.038132102710993154,1,1,False,0.07256889086602314,0.1097884944992984,1.7115208833129145,0.038132102710993154,89.593636715456,True,False,False,True,False,True,neutral_called_bear_truth,Bear,Neutral
trend_method_v2_1,320577,320578,2026-03-09T06:55:46.058762,Neutral,1.0,0.0,regime=NOISE|slope_sum=-0.284458|v2_1_override=none,Bull,67594.49,67634.02,39.53,03/09/2026  06:51:12 AM,03/09/2026  06:56:00 AM,False,False,False,False,False,True,False,False,True,False,False,False,NOISE,Bear,19.784274382240255,0.0,8.268143745575799,0.11177533250967307,-0.2844581243025459,0.2844581243025459,79.99478389889138,-0.2962488236335048,0.011790699330958887,19.784274382240255,0.0,8.268143745575799,0.11177533250967307,-1,1,True,0.3080395229644637,0.2844581243025459,8.268143745575799,0.11177533250967307,69.55074470363154,False,False,True,True,False,True,neutral_called_bull_truth,Bull,Neutral
trend_method_v2_1,320578,320579,2026-03-09T07:00:47.109440,Neutral,1.0,0.0,regime=NOISE|slope_sum=-0.105138|v2_1_override=none,Bear,67634.02,67622.09,-11.93,03/09/2026  06:56:14 AM,03/09/2026  07:01:01 AM,False,False,False,False,False,True,False,False,False,True,False,False,NOISE,Bear,7.715306150275865,0.0,1.95449105570151,0.04450545427084547,-0.10513774912396912,0.10513774912396912,3.1194575556922604,-0.14153612504378543,0.03639837591981632,7.715306150275865,0.0,1.95449105570151,0.04450545427084547,-1,1,True,0.17793450096360175,0.10513774912396912,1.95449105570151,0.04450545427084547,73.38283551399469,False,False,False,True,False,True,neutral_called_bear_truth,Bear,Neutral
trend_method_v2_1,320580,320581,2026-03-09T07:10:50.121464,Neutral,1.0,0.0,regime=NOISE|slope_sum=-0.262482|v2_1_override=none,Bull,67602.09,67674.17,72.08,03/09/2026  07:06:16 AM,03/09/2026  07:11:04 AM,False,False,False,False,False,True,False,False,True,False,False,False,NOISE,Bear,10.139840616495349,0.0,12.762400345207425,0.021060375985550897,-0.26248230318378774,0.26248230318378774,1.8850933266716723,-0.24499635670326825,-0.017485946480519488,10.139840616495349,0.0,12.762400345207425,0.021060375985550897,-1,-1,False,0.22751041022274876,0.26248230318378774,12.762400345207425,0.021060375985550897,38.63056858882987,False,False,False,True,False,True,neutral_called_bull_truth,Bull,Neutral
trend_method_v2_1,320581,320582,2026-03-09T07:15:51.060392,Neutral,0.6222836266146577,0.0,regime=NOISE|slope_sum=-0.027188|v2_1_override=none,Bull,67674.17,67692.17,18.0,03/09/2026  07:11:18 AM,03/09/2026  07:16:05 AM,False,False,False,False,False,True,False,False,True,False,False,False,NOISE,Bear,0.4103095414757263,0.0,-1.4121100430347724,0.04443129533347452,-0.027187577732547652,0.027187577732547652,-1.6190565149127478,-0.01233516757565667,-0.014852410156890983,0.4103095414757263,0.0,-1.4121100430347724,0.04443129533347452,-1,-1,False,0.0025172425812343135,0.027187577732547652,1.4121100430347724,0.04443129533347452,15.091802054308191,True,False,False,True,False,True,neutral_called_bull_truth,Bull,Neutral
trend_method_v2_1,320584,320585,2026-03-09T07:30:56.063418,Neutral,1.0,0.0,regime=NOISE|slope_sum=-0.059855|v2_1_override=none,Bull,67378.86,67514.52,135.66,03/09/2026  07:26:22 AM,03/09/2026  07:31:10 AM,False,False,False,False,False,True,False,False,True,False,False,False,NOISE,Bear,5.043174543825444,0.0,3.1751753517455654,0.10084314109339003,-0.05985484405391617,0.05985484405391617,-1.0036827096196284,0.09088863450597273,-0.1507434785598889,5.043174543825444,0.0,3.1751753517455654,0.10084314109339003,1,-1,True,0.24163211306586163,0.05985484405391617,3.1751753517455654,0.10084314109339003,84.25674853120731,False,False,True,True,False,True,neutral_called_bull_truth,Bull,Neutral
trend_method_v2_1,320586,320587,2026-03-09T07:40:59.109441,Neutral,1.0,0.0,regime=NOISE|slope_sum=0.143351|v2_1_override=none,Bull,67506.0,67614.36,108.36,03/09/2026  07:36:25 AM,03/09/2026  07:41:13 AM,False,False,False,False,False,True,False,False,True,False,False,False,NOISE,Bull,15.466214777567075,0.0,-6.813193894631695,0.08157665019070484,0.1433506037465122,0.1433506037465122,0.4800390221963531,0.03418681510447641,0.1091637886420358,15.466214777567075,0.0,-6.813193894631695,0.08157665019070484,1,1,False,0.07497697353755939,0.1433506037465122,6.813193894631695,0.08157665019070484,107.89082412876392,True,True,False,True,False,True,neutral_called_bull_truth,Bull,Neutral
trend_method_v2_1,320593,320594,2026-03-09T08:16:08.071357,Neutral,1.0,0.0,regime=NOISE|slope_sum=1.354136|v2_1_override=none,Bear,67862.81,67835.41,-27.4,03/09/2026  08:11:35 AM,03/09/2026  08:16:22 AM,False,False,False,False,False,True,False,False,False,True,False,False,NOISE,Bull,74.8121240396431,0.0,3.7547709778737044,0.24552164406881538,1.3541355108427524,1.3541355108427524,-0.37459235913061883,0.8299823553188617,0.5241531555238907,74.8121240396431,0.0,3.7547709778737044,0.24552164406881538,1,1,False,0.3058291997949709,1.3541355108427524,3.7547709778737044,0.24552164406881538,55.24714730587298,False,False,False,True,False,True,neutral_called_bear_truth,Bear,Neutral
trend_method_v2_1,320595,320596,2026-03-09T08:26:09.069998,Neutral,1.0,0.0,regime=NOISE|slope_sum=0.080087|v2_1_override=none,Bull,67919.59,67991.76,72.17,03/09/2026  08:21:37 AM,03/09/2026  08:26:23 AM,False,False,False,False,False,True,False,False,True,False,False,False,NOISE,Bull,12.75924284447683,0.0,-2.9158513631409733,0.12554862461984156,0.08008676500321599,0.08008676500321599,1.5140374069917462,-0.12238105330834514,0.20246781831156113,12.75924284447683,0.0,-2.9158513631409733,0.12554862461984156,-1,1,True,0.3248488716199063,0.08008676500321599,2.9158513631409733,0.12554862461984156,159.317745497205,True,True,False,True,False,True,neutral_called_bull_truth,Bull,Neutral
trend_method_v2_1,320597,320598,2026-03-09T08:36:11.071949,Neutral,1.0,0.0,regime=NOISE|slope_sum=-0.166435|v2_1_override=none,Bull,68049.6,68139.68,90.08,03/09/2026  08:31:38 AM,03/09/2026  08:36:25 AM,False,False,False,False,False,True,False,False,True,False,False,False,NOISE,Bear,27.942678141698707,0.0,-3.278911373214214,0.085214213258864,-0.16643483785264834,0.16643483785264834,-0.5011489513049726,0.1668084473531053,-0.33324328520575364,27.942678141698707,0.0,-3.278911373214214,0.085214213258864,1,-1,True,0.5000517325588589,0.16643483785264834,3.278911373214214,0.085214213258864,167.88959872954914,True,False,False,True,False,True,neutral_called_bull_truth,Bull,Neutral
trend_method_v2_1,320598,320599,2026-03-09T08:41:12.070550,Neutral,1.0,0.0,regime=NOISE|slope_sum=-0.280705|v2_1_override=none,Bear,68139.68,68050.07,-89.61,03/09/2026  08:36:40 AM,03/09/2026  08:41:26 AM,False,False,False,False,False,True,False,False,False,True,False,False,NOISE,Bear,17.723573379276786,0.0,-9.980346589058172,0.20525100185422207,-0.2807048009708524,0.2807048009708524,3.0330549682019434,-0.5477738618974399,0.26706906092658755,17.723573379276786,0.0,-9.980346589058172,0.20525100185422207,-1,1,True,0.8148429228240275,0.2807048009708524,9.980346589058172,0.20525100185422207,63.13954488123327,True,False,False,True,False,True,neutral_called_bear_truth,Bear,Neutral
trend_method_v2_1,320599,320600,2026-03-09T08:46:14.065442,Neutral,1.0,0.0,regime=NOISE|slope_sum=-0.529590|v2_1_override=none,Bull,68050.07,68326.1,276.03,03/09/2026  08:41:40 AM,03/09/2026  08:46:28 AM,False,False,False,False,False,True,False,False,True,False,False,False,NOISE,Bear,45.15816927076958,0.0,-3.693421373842284,0.23162165208209656,-0.5295895702583948,0.5295895702583948,-0.4074810931675487,0.03289351346575131,-0.5624830837241461,45.15816927076958,0.0,-3.693421373842284,0.23162165208209656,1,-1,True,0.5953765971898974,0.5295895702583948,3.693421373842284,0.23162165208209656,85.27012578577825,True,False,False,True,False,True,neutral_called_bull_truth,Bull,Neutral
trend_method_v2_1,320600,320601,2026-03-09T08:51:15.225441,Neutral,1.0,0.0,regime=NOISE|slope_sum=-0.708458|v2_1_override=none,Bear,68326.1,68143.12,-182.98,03/09/2026  08:46:42 AM,03/09/2026  08:51:29 AM,False,False,False,False,False,True,False,False,False,True,False,False,NOISE,Bear,42.03307583423157,0.0,-4.4606881459767465,0.1259413837359587,-0.7084575091867009,0.7084575091867009,0.33139390984124123,-0.44203276768712385,-0.26642474149957707,42.03307583423157,0.0,-4.4606881459767465,0.1259413837359587,-1,-1,False,0.17560802618754678,0.7084575091867009,4.4606881459767465,0.1259413837359587,59.330411900757376,True,False,False,True,False,True,neutral_called_bear_truth,Bear,Neutral
trend_method_v2_1,320601,320602,2026-03-09T08:56:17.060418,Neutral,1.0,0.0,regime=NOISE|slope_sum=0.157087|v2_1_override=none,Bear,68143.12,68077.23,-65.89,03/09/2026  08:51:43 AM,03/09/2026  08:56:31 AM,False,False,False,False,False,True,False,False,False,True,False,False,NOISE,Bull,1.0671196425100788,0.0,-9.474990883973078,0.025326578080421297,0.15708655357047974,0.15708655357047974,0.5425126148457246,0.14181037745402136,0.015276176116458373,1.0671196425100788,0.0,-9.474990883973078,0.025326578080421297,1,1,False,0.126534201337563,0.15708655357047974,9.474990883973078,0.025326578080421297,6.793195332478258,True,False,False,True,False,True,neutral_called_bear_truth,Bear,Neutral
trend_method_v2_1,320602,320603,2026-03-09T09:01:19.072875,Neutral,1.0,0.0,regime=NOISE|slope_sum=-0.011345|v2_1_override=none,Bull,68077.23,68100.0,22.77,03/09/2026  08:56:45 AM,03/09/2026  09:01:33 AM,False,False,False,False,False,True,False,False,True,False,False,False,NOISE,Bear,10.75153091197717,0.0,-6.7612382596271345,0.09164176451449749,-0.011345339164108736,0.011345339164108736,-1.4769926294626565,-0.07924047004416934,0.0678951308800606,10.75153091197717,0.0,-6.7612382596271345,0.09164176451449749,-1,1,True,0.14713560092422995,0.011345339164108736,6.7612382596271345,0.09164176451449749,947.6605993402036,True,False,False,True,False,True,neutral_called_bull_truth,Bull,Neutral
trend_method_v2_1,320605,320606,2026-03-09T09:16:23.078819,Neutral,1.0,0.0,regime=NOISE|slope_sum=-0.971130|v2_1_override=none,Bull,68305.68,68535.16,229.48,03/09/2026  09:11:51 AM,03/09/2026  09:16:37 AM,False,False,False,False,False,True,False,False,True,False,False,False,NOISE,Bear,39.830818167480174,0.0,6.8363088062469615,0.11508379288189605,-0.9711302788673493,0.9711302788673493,0.7774831341830218,-0.7077572414382303,-0.263373037429119,39.830818167480174,0.0,6.8363088062469615,0.11508379288189605,-1,-1,False,0.44438420400911127,0.9711302788673493,6.8363088062469615,0.11508379288189605,41.01490709767153,False,False,True,True,False,True,neutral_called_bull_truth,Bull,Neutral
trend_method_v2_1,320609,320610,2026-03-09T09:36:29.087849,Neutral,1.0,0.0,regime=NOISE|slope_sum=-0.006874|v2_1_override=none,Bull,68666.06,68849.02,182.96,03/09/2026  09:31:56 AM,03/09/2026  09:36:43 AM,False,False,False,False,False,True,False,False,True,False,False,False,NOISE,Bear,6.8990679947746685,0.0,7.790662745945156,0.3910425921512624,-0.006874465214423253,0.006874465214423253,1.796932082701615,-0.41292062229877047,0.4060461570843472,6.8990679947746685,0.0,7.790662745945156,0.3910425921512624,-1,1,True,0.8189667793831177,0.006874465214423253,7.790662745945156,0.3910425921512624,1003.5788646220503,False,False,True,True,False,True,neutral_called_bull_truth,Bull,Neutral
trend_method_v2_1,320610,320611,2026-03-09T09:41:30.084767,Neutral,1.0,0.0,regime=NOISE|slope_sum=0.211631|v2_1_override=none,Bear,68849.02,68770.99,-78.03,03/09/2026  09:36:57 AM,03/09/2026  09:41:44 AM,False,False,False,False,False,True,False,False,False,True,False,False,NOISE,Bull,6.091036347861518,0.0,-11.79818334110314,0.177205360197002,0.21163143432931975,0.21163143432931975,1.206044305638387,0.12577505790068244,0.0858563764286373,6.091036347861518,0.0,-11.79818334110314,0.177205360197002,1,1,False,0.03991868147204514,0.21163143432931975,11.79818334110314,0.177205360197002,28.781340386245525,True,True,False,True,False,True,neutral_called_bear_truth,Bear,Neutral
trend_method_v2_1,320611,320612,2026-03-09T09:46:32.066082,Neutral,1.0,0.0,regime=NOISE|slope_sum=0.464862|v2_1_override=none,Bull,68770.99,68823.65,52.66,03/09/2026  09:41:58 AM,03/09/2026  09:46:46 AM,False,False,False,False,False,True,False,False,True,False,False,False,NOISE,Bull,89.53936780555523,0.0,-22.21276603230217,0.26359122321508544,0.4648616401864274,0.4648616401864274,0.4031227378322005,-0.5229873154858069,0.9878489556722343,89.53936780555523,0.0,-22.21276603230217,0.26359122321508544,-1,1,True,1.5108362711580412,0.4648616401864274,22.21276603230217,0.26359122321508544,192.61509245986935,True,True,False,True,False,True,neutral_called_bull_truth,Bull,Neutral
trend_method_v2_1,320613,320614,2026-03-09T09:56:33.067796,Neutral,1.0,0.0,regime=NOISE|slope_sum=0.991423|v2_1_override=none,Bear,69118.33,69049.99,-68.34,03/09/2026  09:52:01 AM,03/09/2026  09:56:47 AM,False,False,False,False,False,True,False,False,False,True,False,False,NOISE,Bull,20.055907743022544,0.0,-5.015662720266846,0.21371193558845247,0.9914230111844518,0.9914230111844518,-1.2901770371379724,1.0271469571380294,-0.03572394595357764,20.055907743022544,0.0,-5.015662720266846,0.21371193558845247,1,-1,True,1.062870903091607,0.9914230111844518,5.015662720266846,0.21371193558845247,20.229415211032652,True,True,False,True,False,True,neutral_called_bear_truth,Bear,Neutral
trend_method_v2_1,320614,320615,2026-03-09T10:02:30.571131,Neutral,1.0,0.0,regime=NOISE|slope_sum=0.884504|v2_1_override=none,Bear,69049.99,69030.58,-19.41,03/09/2026  09:57:01 AM,03/09/2026  10:01:48 AM,False,False,False,False,False,True,False,False,False,True,False,False,NOISE,Bull,51.72705526390928,0.0,32.78032323047228,0.16645472503649733,0.8845038736599236,0.8845038736599236,-16.308901542209824,0.9579639083749498,-0.07346003471502627,51.72705526390928,0.0,32.78032323047228,0.16645472503649733,1,-1,True,1.031423943089976,0.8845038736599236,32.78032323047228,0.16645472503649733,58.4814343999102,False,False,False,True,False,True,neutral_called_bear_truth,Bear,Neutral
trend_method_v2_1,320618,320619,2026-03-09T10:21:39.082352,Neutral,1.0,0.0,regime=NOISE|slope_sum=-0.710454|v2_1_override=none,Bull,68725.0,69178.46,453.46,03/09/2026  10:17:07 AM,03/09/2026  10:21:53 AM,False,False,False,False,False,True,False,False,True,False,False,False,NOISE,Bear,36.08170425381104,0.0,-0.7423117642028956,0.1768923665489724,-0.7104536311489937,0.7104536311489937,0.3843873249576618,-0.3255815103657369,-0.38487212078325683,36.08170425381104,0.0,-0.7423117642028956,0.1768923665489724,-1,-1,False,0.05929061041751993,0.7104536311489937,0.7423117642028956,0.1768923665489724,50.78685317640964,False,False,False,True,False,True,neutral_called_bull_truth,Bull,Neutral
trend_method_v2_1,320618,320619,2026-03-09T10:22:36.072600,Neutral,1.0,0.0,regime=NOISE|slope_sum=0.549191|v2_1_override=none,Bull,68725.0,69178.46,453.46,03/09/2026  10:17:07 AM,03/09/2026  10:21:53 AM,False,False,False,False,False,True,False,False,True,False,False,False,NOISE,Bull,41.85133661686268,0.0,12.053464168217033,0.16448542820968823,0.5491912739598774,0.5491912739598774,-16.525636726063727,0.7401244385564496,-0.19093316459657217,41.85133661686268,0.0,12.053464168217033,0.16448542820968823,1,-1,True,0.9310576031530218,0.5491912739598774,12.053464168217033,0.16448542820968823,76.2053925494822,False,False,False,True,False,True,neutral_called_bull_truth,Bull,Neutral
trend_method_v2_1,320619,320620,2026-03-09T10:26:42.085183,Neutral,1.0,0.0,regime=NOISE|slope_sum=0.587303|v2_1_override=none,Bear,69178.46,69005.89,-172.57,03/09/2026  10:22:07 AM,03/09/2026  10:26:56 AM,False,False,False,False,False,True,False,False,False,True,False,False,NOISE,Bull,35.45067503627797,0.0,-14.232571668253513,0.30005552281121106,0.5873025851578859,0.5873025851578859,0.5577918274716585,0.17654514706373448,0.41075743809415144,35.45067503627797,0.0,-14.232571668253513,0.30005552281121106,1,1,False,0.23421229103041696,0.5873025851578859,14.232571668253513,0.30005552281121106,60.36185763893357,True,True,False,True,False,True,neutral_called_bear_truth,Bear,Neutral
trend_method_v2_1,320623,320624,2026-03-09T10:46:48.061978,Neutral,1.0,0.0,regime=NOISE|slope_sum=-0.504383|v2_1_override=none,Bull,69255.02,69396.06,141.04,03/09/2026  10:42:16 AM,03/09/2026  10:47:02 AM,False,False,False,False,False,True,False,False,True,False,False,False,NOISE,Bear,21.73695553226571,0.0,11.668689226236893,0.03298914229283888,-0.5043833199397341,0.5043833199397341,4.505447684667264,-0.5197034569737298,0.015320137033995707,21.73695553226571,0.0,11.668689226236893,0.03298914229283888,-1,1,True,0.5350235940077255,0.5043833199397341,11.668689226236893,0.03298914229283888,43.096103048893326,False,False,False,True,False,True,neutral_called_bull_truth,Bull,Neutral
trend_method_v2_1,320624,320625,2026-03-09T10:51:49.073727,Neutral,1.0,0.0,regime=NOISE|slope_sum=0.965216|v2_1_override=none,Bear,69396.06,69330.77,-65.29,03/09/2026  10:47:16 AM,03/09/2026  10:52:03 AM,False,False,False,False,False,True,False,False,False,True,False,False,NOISE,Bull,36.1037467996066,0.0,34.988373027779744,0.06246989571858032,0.9652162183083419,0.9652162183083419,-3.7504743986917783,1.0315825544621475,-0.0663663361538056,36.1037467996066,0.0,34.988373027779744,0.06246989571858032,1,-1,True,1.0979488906159531,0.9652162183083419,34.988373027779744,0.06246989571858032,37.40482817713401,False,False,False,True,False,True,neutral_called_bear_truth,Bear,Neutral
trend_method_v2_1,320625,320626,2026-03-09T10:56:51.073351,Neutral,1.0,0.0,regime=NOISE|slope_sum=-0.607435|v2_1_override=none,Bear,69330.77,69328.89,-1.88,03/09/2026  10:52:18 AM,03/09/2026  10:57:05 AM,False,False,False,False,False,True,False,False,False,True,False,False,NOISE,Bear,33.977431937804795,0.0,17.677886118006427,0.14944048109783106,-0.6074349541595438,0.6074349541595438,22.002310930790387,-0.6299462397910247,0.02251128563148086,33.977431937804795,0.0,17.677886118006427,0.14944048109783106,-1,1,True,0.6524575254225056,0.6074349541595438,17.677886118006427,0.14944048109783106,55.93591824957864,False,False,True,True,False,True,neutral_called_bear_truth,Bear,Neutral
trend_method_v2_1,320626,320627,2026-03-09T11:01:52.072646,Neutral,1.0,0.0,regime=NOISE|slope_sum=0.745704|v2_1_override=none,Bear,69328.89,69215.99,-112.9,03/09/2026  10:57:20 AM,03/09/2026  11:02:06 AM,False,False,False,False,False,True,False,False,False,True,False,False,NOISE,Bull,29.658187971261214,0.0,26.756661688836175,0.14919307071637977,0.7457043244503438,0.7457043244503438,-1.2803053452167996,0.6644201078725018,0.08128421657784202,29.658187971261214,0.0,26.756661688836175,0.14919307071637977,1,1,False,0.5831358912946598,0.7457043244503438,26.756661688836175,0.14919307071637977,39.77204771223791,False,False,False,True,False,True,neutral_called_bear_truth,Bear,Neutral
trend_method_v2_1,320627,320628,2026-03-09T11:06:53.068229,Neutral,1.0,0.0,regime=NOISE|slope_sum=0.531335|v2_1_override=none,Bear,69215.99,69201.41,-14.58,03/09/2026  11:02:20 AM,03/09/2026  11:07:07 AM,False,False,False,False,False,True,False,False,False,True,False,False,NOISE,Bull,28.229047927816282,0.0,-6.173229618681944,0.1377318411088449,0.5313348511790537,0.5313348511790537,-0.18301758546695734,0.3356648256212793,0.19567002555777435,28.229047927816282,0.0,-6.173229618681944,0.1377318411088449,1,1,False,0.13999480006350495,0.5313348511790537,6.173229618681944,0.1377318411088449,53.12854570931095,True,True,False,True,False,True,neutral_called_bear_truth,Bear,Neutral
trend_method_v2_1,320629,320630,2026-03-09T11:16:56.066100,Neutral,1.0,0.0,regime=NOISE|slope_sum=0.235358|v2_1_override=none,Bear,69219.95,69062.89,-157.06,03/09/2026  11:12:25 AM,03/09/2026  11:17:10 AM,False,False,False,False,False,True,False,False,False,True,False,False,NOISE,Bull,18.66702546547458,0.0,-0.5240525643748697,0.2679847252021621,0.23535842107594362,0.23535842107594362,0.9403031903761491,-0.1274209393595811,0.3627793604355247,18.66702546547458,0.0,-0.5240525643748697,0.2679847252021621,-1,1,True,0.4902002997951058,0.23535842107594362,0.5240525643748697,0.2679847252021621,79.31318276243556,False,False,False,True,False,True,neutral_called_bear_truth,Bear,Neutral
trend_method_v2_1,320630,320631,2026-03-09T11:21:57.081825,Neutral,1.0,0.0,regime=NOISE|slope_sum=-0.666340|v2_1_override=none,Bull,69062.89,69169.24,106.35,03/09/2026  11:17:24 AM,03/09/2026  11:22:11 AM,False,False,False,False,False,True,False,False,True,False,False,False,NOISE,Bear,60.69422923499951,0.0,-2.22559163387632,0.1101809864151402,-0.6663396150706831,0.6663396150706831,0.13371265641950725,-0.11879023350411444,-0.5475493815665686,60.69422923499951,0.0,-2.22559163387632,0.1101809864151402,-1,-1,False,0.4287591480624542,0.6663396150706831,2.22559163387632,0.1101809864151402,91.08602859903695,True,False,False,True,False,True,neutral_called_bull_truth,Bull,Neutral
trend_method_v2_1,320636,320637,2026-03-09T11:52:04.068370,Neutral,1.0,0.0,regime=NOISE|slope_sum=0.150751|v2_1_override=none,Bull,68801.12,68858.75,57.63,03/09/2026  11:47:33 AM,03/09/2026  11:52:18 AM,False,False,False,False,False,True,False,False,True,False,False,False,NOISE,Bull,11.69379615339858,0.0,1.816071750887204,0.10041192032762669,0.15075129485558136,0.15075129485558136,-3.6827037865682106,0.21086282710712112,-0.06011153225153976,11.69379615339858,0.0,1.816071750887204,0.10041192032762669,1,-1,True,0.2709743593586609,0.15075129485558136,1.816071750887204,0.10041192032762669,77.57012080460835,False,False,False,True,False,True,neutral_called_bull_truth,Bull,Neutral
trend_method_v2_1,320639,320640,2026-03-09T12:07:08.067431,Neutral,1.0,0.0,regime=NOISE|slope_sum=0.080178|v2_1_override=none,Bear,68974.79,68830.72,-144.07,03/09/2026  12:02:36 PM,03/09/2026  12:07:22 PM,False,False,False,False,False,True,False,False,False,True,False,False,NOISE,Bull,18.278924951184308,0.0,-10.480428421491524,0.09168965050734447,0.08017795274645323,0.08017795274645323,-0.30122348152341,-0.10006716723000864,0.18024511997646187,18.278924951184308,0.0,-10.480428421491524,0.09168965050734447,-1,1,True,0.2803122872064705,0.08017795274645323,10.480428421491524,0.09168965050734447,227.9794422911715,True,True,False,True,False,True,neutral_called_bear_truth,Bear,Neutral
trend_method_v2_1,320642,320643,2026-03-09T12:22:12.077048,Neutral,1.0,0.0,regime=NOISE|slope_sum=-0.207601|v2_1_override=none,Bear,68770.76,68759.08,-11.68,03/09/2026  12:17:40 PM,03/09/2026  12:22:26 PM,False,False,False,False,False,True,False,False,False,True,False,False,NOISE,Bear,5.806810514492099,0.0,-8.22107421659166,0.13984871287178802,-0.2076011301669496,0.2076011301669496,-0.39871430594135293,-0.13518977886815264,-0.07241135129879694,5.806810514492099,0.0,-8.22107421659166,0.13984871287178802,-1,-1,False,0.0627784275693557,0.2076011301669496,8.22107421659166,0.13984871287178802,27.970996640636557,True,False,False,True,False,True,neutral_called_bear_truth,Bear,Neutral
trend_method_v2_1,320644,320645,2026-03-09T12:32:16.082300,Neutral,1.0,0.0,regime=NOISE|slope_sum=-0.506433|v2_1_override=none,Bull,68780.87,68875.48,94.61,03/09/2026  12:27:43 PM,03/09/2026  12:32:30 PM,False,False,False,False,False,True,False,False,True,False,False,False,NOISE,Bear,24.182407163709286,0.0,14.300019836518914,0.08474643039032041,-0.506432535357817,0.506432535357817,0.9388097292607536,-0.37518368671771896,-0.131248848640098,24.182407163709286,0.0,14.300019836518914,0.08474643039032041,-1,-1,False,0.24393483807762095,0.506432535357817,14.300019836518914,0.08474643039032041,47.75050075845413,False,False,True,True,False,True,neutral_called_bull_truth,Bull,Neutral
trend_method_v2_1,320645,320646,2026-03-09T12:37:17.071549,Neutral,1.0,0.0,regime=NOISE|slope_sum=1.345904|v2_1_override=none,Bear,68875.48,68868.83,-6.65,03/09/2026  12:32:45 PM,03/09/2026  12:37:31 PM,False,False,False,False,False,True,False,False,False,True,False,False,NOISE,Bull,65.68308701465139,0.0,16.412936882232316,0.33370789988271315,1.3459040545130847,1.3459040545130847,-0.5820856638386843,0.9471771754087968,0.39872687910428795,65.68308701465139,0.0,16.412936882232316,0.33370789988271315,1,1,False,0.5484502963045088,1.3459040545130847,16.412936882232316,0.33370789988271315,48.80220606692052,False,False,False,True,False,True,neutral_called_bear_truth,Bear,Neutral
trend_method_v2_1,320649,320650,2026-03-09T12:57:23.063796,Neutral,1.0,0.0,regime=NOISE|slope_sum=0.072814|v2_1_override=none,Bull,68991.42,69099.99,108.57,03/09/2026  12:52:50 PM,03/09/2026  12:57:37 PM,False,False,False,False,False,True,False,False,True,False,False,False,NOISE,Bull,24.894471725958283,0.0,-26.460506495743175,0.10009383037561614,0.07281378917468828,0.07281378917468828,-0.5965052714232025,0.4648127218679292,-0.39199893269324093,24.894471725958283,0.0,-26.460506495743175,0.10009383037561614,1,-1,True,0.8568116545611701,0.07281378917468828,26.460506495743175,0.10009383037561614,341.8922707927438,True,True,False,True,False,True,neutral_called_bull_truth,Bull,Neutral
trend_method_v2_1,320650,320651,2026-03-09T13:02:25.069645,Neutral,1.0,0.0,regime=NOISE|slope_sum=-0.274336|v2_1_override=none,Bear,69099.99,68963.17,-136.82,03/09/2026  12:57:51 PM,03/09/2026  01:02:39 PM,False,False,False,False,False,True,False,False,False,True,False,False,NOISE,Bear,24.64836560592812,0.0,4.049419850605773,0.12318242584158377,-0.27433628150720324,0.27433628150720324,21.089788356106265,-0.29840331446212076,0.024067032954917522,24.64836560592812,0.0,4.049419850605773,0.12318242584158377,-1,1,True,0.3224703474170383,0.27433628150720324,4.049419850605773,0.12318242584158377,89.84726872621451,False,False,True,True,False,True,neutral_called_bear_truth,Bear,Neutral
trend_method_v2_1,320651,320652,2026-03-09T13:07:26.076589,Neutral,1.0,0.0,regime=NOISE|slope_sum=0.853851|v2_1_override=none,Bear,68963.17,68920.6,-42.57,03/09/2026  01:02:53 PM,03/09/2026  01:07:40 PM,False,False,False,False,False,True,False,False,False,True,False,False,NOISE,Bull,45.02826464755344,0.0,-4.389662630579551,0.17090781760565565,0.8538511944443599,0.8538511944443599,-0.296829531053355,0.531650363242079,0.3222008312022808,45.02826464755344,0.0,-4.389662630579551,0.17090781760565565,1,1,False,0.20944953203979821,0.8538511944443599,4.389662630579551,0.17090781760565565,52.73549412419034,True,True,False,True,False,True,neutral_called_bear_truth,Bear,Neutral
trend_method_v2_1,320652,320653,2026-03-09T13:12:28.075100,Neutral,1.0,0.0,regime=NOISE|slope_sum=-0.406833|v2_1_override=none,Bull,68920.6,69026.27,105.67,03/09/2026  01:07:55 PM,03/09/2026  01:12:42 PM,False,False,False,False,False,True,False,False,True,False,False,False,NOISE,Bear,20.612340432111523,0.0,18.430736219044775,0.03942288036618962,-0.40683261693084205,0.40683261693084205,3.5843095676935977,-0.3788890798423381,-0.027943537088503945,20.612340432111523,0.0,18.430736219044775,0.03942288036618962,-1,-1,False,0.35094554275383416,0.40683261693084205,18.430736219044775,0.03942288036618962,50.66540777288621,False,False,False,True,False,True,neutral_called_bull_truth,Bull,Neutral
trend_method_v2_1,320653,320654,2026-03-09T13:17:29.080411,Neutral,1.0,0.0,regime=NOISE|slope_sum=0.415816|v2_1_override=none,Bear,69026.27,68986.42,-39.85,03/09/2026  01:12:57 PM,03/09/2026  01:17:43 PM,False,False,False,False,False,True,False,False,False,True,False,False,NOISE,Bull,24.40666962522664,0.0,13.981907815905288,0.007011812174459869,0.41581590312671324,0.41581590312671324,-1.0964078260459185,0.27997317831432156,0.13584272481239168,24.40666962522664,0.0,13.981907815905288,0.007011812174459869,1,1,False,0.14413045350192988,0.41581590312671324,13.981907815905288,0.007011812174459869,58.695854203029604,False,False,False,True,False,True,neutral_called_bear_truth,Bear,Neutral
trend_method_v2_1,320656,320657,2026-03-09T13:32:33.072210,Neutral,1.0,0.0,regime=NOISE|slope_sum=0.064587|v2_1_override=none,Bear,68784.72,68668.31,-116.41,03/09/2026  01:28:01 PM,03/09/2026  01:32:47 PM,False,False,False,False,False,True,False,False,False,True,False,False,NOISE,Bull,9.854793255028198,0.0,-6.013646439358126,0.16762033602710635,0.06458654909874895,0.06458654909874895,0.9720156249435251,0.09163880996675289,-0.02705226086800394,9.854793255028198,0.0,-6.013646439358126,0.16762033602710635,1,-1,True,0.11869107083475683,0.06458654909874895,6.013646439358126,0.16762033602710635,152.5827496985605,True,True,False,True,False,True,neutral_called_bear_truth,Bear,Neutral
trend_method_v2_1,320658,320659,2026-03-09T13:42:37.067069,Neutral,1.0,0.0,regime=NOISE|slope_sum=-0.316324|v2_1_override=none,Bear,68636.02,68578.37,-57.65,03/09/2026  01:38:04 PM,03/09/2026  01:42:51 PM,False,False,False,False,False,True,False,False,False,True,False,False,NOISE,Bear,40.37630176739185,0.0,-8.100097121539875,0.14183136784482653,-0.3163239384903136,0.3163239384903136,-0.49541762694512187,0.04782063038510387,-0.36414456887541746,40.37630176739185,0.0,-8.100097121539875,0.14183136784482653,1,-1,True,0.41196519926052133,0.3163239384903136,8.100097121539875,0.14183136784482653,127.64225799694968,True,False,False,True,False,True,neutral_called_bear_truth,Bear,Neutral
trend_method_v2_1,320659,320660,2026-03-09T13:47:38.065774,Neutral,1.0,0.0,regime=NOISE|slope_sum=-0.009628|v2_1_override=none,Bear,68578.37,68379.13,-199.24,03/09/2026  01:43:06 PM,03/09/2026  01:47:52 PM,False,False,False,False,False,True,False,False,False,True,False,False,NOISE,Bear,3.7464556119957706,0.0,2.182089515044936,0.04639183944922737,-0.009627554965845775,0.009627554965845775,1.0194070361700547,-0.17883320387954882,0.16920564891370304,3.7464556119957706,0.0,2.182089515044936,0.04639183944922737,-1,1,True,0.34803885279325186,0.009627554965845775,2.182089515044936,0.04639183944922737,389.1388442119008,False,False,False,True,False,True,neutral_called_bear_truth,Bear,Neutral
trend_method_v2_1,320664,320665,2026-03-09T14:12:43.066322,Neutral,1.0,0.0,regime=NOISE|slope_sum=0.369689|v2_1_override=none,Bear,68503.79,68322.58,-181.21,03/09/2026  02:08:10 PM,03/09/2026  02:12:57 PM,False,False,False,False,False,True,False,False,False,True,False,False,NOISE,Bull,29.192994503871887,0.0,-0.20736741663131397,0.18641176632441958,0.3696888057856995,0.3696888057856995,0.38104809277931484,-0.05948040650582698,0.4291692122915265,29.192994503871887,0.0,-0.20736741663131397,0.18641176632441958,-1,1,True,0.48864961879735347,0.3696888057856995,0.20736741663131397,0.18641176632441958,78.96640105676997,False,False,False,True,False,True,neutral_called_bear_truth,Bear,Neutral
trend_method_v2_1,320666,320667,2026-03-09T14:22:46.079048,Neutral,1.0,0.0,regime=NOISE|slope_sum=-0.921477|v2_1_override=none,Bull,68460.0,68507.81,47.81,03/09/2026  02:18:14 PM,03/09/2026  02:23:00 PM,False,False,False,False,False,True,False,False,True,False,False,False,NOISE,Bear,46.92855819729448,0.0,35.55391976388637,0.0907259934164662,-0.9214766804579995,0.9214766804579995,1.3388524322514836,-0.7366715390562604,-0.1848051414017391,46.92855819729448,0.0,35.55391976388637,0.0907259934164662,-1,-1,False,0.5518663976545213,0.9214766804579995,35.55391976388637,0.0907259934164662,50.92755920200789,False,False,True,True,False,True,neutral_called_bull_truth,Bull,Neutral
