group_name,group_value,row_count,directional_called,directional_correct,directional_accuracy,coverage_within_export_set,bull_precision,bear_precision,neutral_rate,mean_s23,mean_s53,mean_slope_sum,mean_slope_magnitude,mean_fan_width,mean_alignment,mean_compression_velocity,mean_flip_score,mean_ratio_8_23_to_23_53,mean_slope_gap,mean_fan_width_velocity,mean_fan_width_acceleration,mean_fan_order_score,count_fan_order_score,mean_g83_curvature,mean_fan_energy_total,mean_fan_energy_ratio,mean_fan_energy_velocity,mean_fan_energy_acceleration,fan_sign_conflict_rate,mean_fan_energy_instability,mean_hinge_gap,mean_hinge_velocity,hinge_conflict_rate,mean_hinge_torsion,count_hinge_torsion,mean_snap_divergence,mean_snap_velocity,mean_snap_score,count_snap_score,mean_phase_alignment,count_phase_alignment,mean_phase_strength,mean_phase_velocity,mean_fan_phase_score,collapse_flag_rate,weak_bull_exhaustion_flag_rate,weak_bear_exhaustion_flag_rate
prediction,Bull,30,30,15,0.5,0.1744186046511628,0.5,0.0,0.0,0.7293653392125634,0.45340063855340607,1.1827659777659696,1.1827659777659696,-79.23475600585807,1.0,22.659812567924867,0.1519425928719445,-1.951659984090235,0.4042775810856862,-75.67596498887197,-70.66201926739525,0.9733333333333334,30,66.30719155073818,3.7969299373104755,3.673655740050486,1.3795309030226455,1.2034529223481765,0.0,0.33437803308099784,17.822164441732458,17.911768789138698,0.06666666666666667,0.28437814935950717,30,1.0935800483404212,-0.03297355980718968,0.42166444576554074,30,0.9888888888888889,30,3.7969299373104755,0.17241379310344826,0.39936774805899206,0.0,0.0,0.0
prediction,Bear,36,36,20,0.5555555555555556,0.20930232558139536,0.0,0.5555555555555556,0.0,-0.7253790224049731,-0.36837982187201607,-1.0937588442769892,1.1374833216022529,69.67349832539588,0.9722222222222222,20.88839031851037,0.166576624584786,1.241737342852296,0.4131551272934202,60.73795223426714,50.3471311464174,0.9833333333333334,36,-46.13088608412862,3.6007758758090254,3.3160125968923717,0.8645901405849246,1.172317102872278,0.027777777777777776,0.38889923453509045,-16.546743577780337,-15.9638270098484,0.027777777777777776,0.258765125977186,36,0.9575612387044303,-0.13950169429861287,0.39535704375079156,36,0.9907407407407407,36,3.6007758758090254,0.17592592592592593,0.3474949564178845,0.0,0.0,0.0
prediction,Neutral,106,0,0,0.0,0.6162790697674418,0.0,0.0,1.0,0.0749887206573922,0.03179419980594657,0.10678292046333877,0.4854292522401388,-6.233304602382562,0.0,-2.015855730409934,0.14937625560869605,-1.1818002308448718,0.3799401877673037,0.906322314325563,2.668562674162528,0.6886792452830189,106,-3.623412140843597,2.1621276616561205,3.9716883554142184,-0.6746959760312852,-0.7195704747781798,0.7547169811320755,0.61785324080545,1.5645744720006303,0.34846242657837345,0.20754716981132076,0.5329401849079979,106,1.1050773801112572,0.05335349892188873,0.7918229881567621,106,0.7169811320754716,106,2.1621276616561205,-0.11006289308176101,0.15549285176298924,0.6415094339622641,0.32075471698113206,0.10377358490566038
prediction,Unknown,0,0,0,0.0,0.0,0.0,0.0,0.0,0.0,0.0,0.0,0.0,0.0,0.0,0.0,0.0,0.0,0.0,0.0,0.0,0.0,0,0.0,0.0,0.0,0.0,0.0,0.0,0.0,0.0,0.0,0.0,0.0,0,0.0,0.0,0.0,0,0.0,0,0.0,0.0,0.0,0.0,0.0,0.0
truth,Bull,83,31,15,0.4838709677419355,0.48255813953488375,1.0,0.0,0.6265060240963856,-0.018241810819263155,-0.014688531706905265,-0.03293034252616842,0.734780750164076,-1.979322566964463,0.37349397590361444,6.4089470854714925,0.15497144769963989,-0.1704846277153838,0.3595552998492813,40.08699856856305,78.30627996317858,0.8,83,4.73178605137236,2.861802958978086,3.9975360017303125,-0.11154494072166948,-0.29697291792381736,0.4578313253012048,0.5252634678126551,-1.4394740816211,-10.426313364955265,0.18072289156626506,0.4347029387720995,83,1.1625818492854914,-0.022186906983438073,0.6546705365449801,83,0.8273092369477911,83,2.861802958978086,0.002008032128514053,0.24044251660268234,0.40963855421686746,0.1927710843373494,0.07228915662650602
truth,Bear,89,35,20,0.5714285714285714,0.5174418604651163,0.0,1.0,0.6067415730337079,0.05876618042112681,0.05538965034059637,0.11415583076172317,0.751697498702209,-4.103856800629115,0.38202247191011235,7.7095855391745225,0.15198077760294723,-1.4041332084180218,0.42058968574132083,-36.80894795586243,-73.01473047896897,0.8,89,-5.270006830852832,2.6426035526832226,3.5819056541565297,0.1008192939692766,0.27282434422605467,0.48314606741573035,0.5196508560547396,2.5202630029044903,9.625733511807663,0.11235955056179775,0.4298674685182857,89,0.9879046611760632,0.017257840183943204,0.634588417521103,89,0.8164794007490637,89,2.6426035526832226,-0.005681818181818179,0.23613892451312166,0.38202247191011235,0.20224719101123595,0.056179775280898875
truth,Neutral,0,0,0,0.0,0.0,0.0,0.0,0.0,0.0,0.0,0.0,0.0,0.0,0.0,0.0,0.0,0.0,0.0,0.0,0.0,0.0,0,0.0,0.0,0.0,0.0,0.0,0.0,0.0,0.0,0.0,0.0,0.0,0,0.0,0.0,0.0,0,0.0,0,0.0,0.0,0.0,0.0,0.0,0.0
truth,Unknown,0,0,0,0.0,0.0,0.0,0.0,0.0,0.0,0.0,0.0,0.0,0.0,0.0,0.0,0.0,0.0,0.0,0.0,0.0,0.0,0,0.0,0.0,0.0,0.0,0.0,0.0,0.0,0.0,0.0,0.0,0.0,0,0.0,0.0,0.0,0,0.0,0,0.0,0.0,0.0,0.0,0.0,0.0
regime,RUN,65,65,34,0.5230769230769231,0.37790697674418605,0.5,0.5428571428571428,0.0,-0.059098627437756825,-0.012891828759893541,-0.07199045619765036,1.16377443567393,3.406335636743461,1.0,22.01783818885742,0.15309316376841842,-0.22157888013248547,0.3912665189197399,0.6833704140874488,-0.7962262819547461,0.9815384615384616,65,6.421834435961154,3.645559535470546,3.514190318023649,1.0601952861316875,1.0375006971012877,0.0,0.3617984123757162,-1.3246360327405944,-1.3106894775296496,0.03076923076923077,0.25918290793790627,65,0.9866902971039123,-0.1048421377551847,0.3998990920827369,65,0.9948717948717949,65,3.645559535470546,0.17708333333333331,0.3704118697686244,0.0,0.0,0.0
regime,REVERSAL,1,1,1,1.0,0.005813953488372093,0.0,1.0,0.0,-0.39127384674793575,1.1783144386026834,0.7870405918547476,0.7870405918547476,-90.20855684981507,0.0,0.6169462283869507,0.603980626263434,0.5553720285871645,1.5695882853506191,-51.772410745266825,-236.88671286670433,0.8,1,-96.24802743864711,6.574459842853685,1.1637550181027796,3.279142936286007,10.56868943124573,1.0,0.5151361884069817,25.083506580020185,28.627649092377396,1.0,1.0,1,3.1447367318178294,0.7316025871732563,0.8893459626168201,1,0.6666666666666666,1,6.574459842853685,0.0,0.41407933785301926,0.0,0.0,0.0
regime,NOISE,106,0,0,0.0,0.6162790697674418,0.0,0.0,1.0,0.0749887206573922,0.03179419980594657,0.10678292046333877,0.4854292522401388,-6.233304602382562,0.0,-2.015855730409934,0.14937625560869605,-1.1818002308448718,0.3799401877673037,0.906322314325563,2.668562674162528,0.6886792452830189,106,-3.623412140843597,2.1621276616561205,3.9716883554142184,-0.6746959760312852,-0.7195704747781798,0.7547169811320755,0.61785324080545,1.5645744720006303,0.34846242657837345,0.20754716981132076,0.5329401849079979,106,1.1050773801112572,0.05335349892188873,0.7918229881567621,106,0.7169811320754716,106,2.1621276616561205,-0.11006289308176101,0.15549285176298924,0.6415094339622641,0.32075471698113206,0.10377358490566038
regime,UNKNOWN,0,0,0,0.0,0.0,0.0,0.0,0.0,0.0,0.0,0.0,0.0,0.0,0.0,0.0,0.0,0.0,0.0,0.0,0.0,0.0,0,0.0,0.0,0.0,0.0,0.0,0.0,0.0,0.0,0.0,0.0,0.0,0,0.0,0.0,0.0,0,0.0,0,0.0,0.0,0.0,0.0,0.0,0.0
directional_error_type,bull_called_bear_truth,15,15,0,0.0,0.0872093023255814,0.0,0.0,0.0,0.8049767641765356,0.5008147635810019,1.3057915277575376,1.3057915277575376,-81.46509001681116,1.0,21.876492065193208,0.1844958028496827,-0.7640628074890153,0.47291045355717265,-110.97844854432125,-125.29357559624206,1.0,15,57.90576273022868,3.636762064554447,3.2542552680423547,1.640145008815255,1.8409313325923253,0.0,0.30975097722924927,21.252379197124778,29.210395472958876,0.0,0.24809349203337336,15,0.9032824130196483,-0.018171698335338857,0.39419946476183115,15,1.0,15,3.636762064554447,0.16666666666666666,0.42755271414388324,0.0,0.0,0.0
directional_error_type,bear_called_bull_truth,16,16,0,0.0,0.09302325581395349,0.0,0.0,0.0,-0.703537755936054,-0.46848409047254336,-1.1720218464085974,1.1720218464085974,74.83803946073658,1.0,19.0243135199662,0.15878685911956425,0.6262161399933244,0.28344696172825934,118.21857396657742,155.54808982513302,1.0,16,-74.93338998149653,3.498310644473804,2.17524791026811,1.2500289451488698,1.7457813619981608,0.0,0.337617804657581,-18.795349054272265,-30.362899984672367,0.0,0.14792168616078585,16,0.7592606958413626,-0.25514914951429546,0.3427278068546335,16,1.0,16,3.498310644473804,0.16666666666666666,0.35989626386235485,0.0,0.0,0.0
directional_error_type,neutral_called_bull_truth,52,0,0,0.0,0.3023255813953488,0.0,0.0,1.0,-0.0012264407067470108,0.0035923002500077507,0.00236585954326074,0.5065066597012446,-3.973578355889633,0.0,-2.3864116208687145,0.1640615321104613,0.4407533667327263,0.38987053597356164,39.935161591967,84.2881175002062,0.6961538461538461,52,7.688065945899535,2.350004002550052,4.530686123047056,-0.8904434474331467,-1.147415303683269,0.7307692307692307,0.6278247694737414,-0.6659617154095591,-9.424487842310135,0.25,0.5558395161389821,52,1.2516914827368475,0.05659043404456007,0.8099436196542394,52,0.7307692307692307,52,2.350004002550052,-0.09935897435897435,0.16597397935795088,0.6538461538461539,0.3076923076923077,0.11538461538461539
directional_error_type,neutral_called_bear_truth,54,0,0,0.0,0.313953488372093,0.0,0.0,1.0,0.14838109826730403,0.05895158456351729,0.20733268283082132,0.46513248949981467,-8.409337284190567,0.0,-1.6590241321903672,0.13523487823662583,-2.7442592507344106,0.37037763023535164,-36.677004397477305,-75.92804567684249,0.6814814814814815,54,-14.51594659474439,1.9812097037582606,3.4333942088048186,-0.46693915171838146,-0.3075717506473531,0.7777777777777778,0.6082510280137619,3.712498208025257,9.759451574396937,0.16666666666666666,0.510888977055939,54,0.9638934294347631,0.050236450285242255,0.7743734911591914,54,0.7037037037037037,54,1.9812097037582606,-0.12037037037037036,0.1453999140789521,0.6296296296296297,0.3333333333333333,0.09259259259259259
directional_error_type,correct_bull,15,15,15,1.0,0.0872093023255814,1.0,0.0,0.0,0.6537539142485912,0.4059865135258102,1.0597404277744014,1.0597404277744014,-77.00442199490499,1.0,23.443133070656526,0.11938938289420634,-3.139257160691454,0.33564470861419976,-42.726980337119315,-19.672566693804885,0.9466666666666667,15,74.14852511654705,3.957097810066504,4.093056212058618,1.1362910709495433,0.6084730727869707,0.0,0.3573632852092965,14.391949686340133,7.366383884239864,0.13333333333333333,0.3206628066856409,15,1.2838776836611943,-0.046788630514250446,0.44912942676925033,15,0.9777777777777777,15,3.957097810066504,0.17777777777777776,0.3711827819741008,0.0,0.0,0.0
directional_error_type,correct_bear,20,20,20,1.0,0.11627906976744186,0.0,1.0,0.0,-0.7428520355801084,-0.28829640699159426,-1.0311484425717026,1.1098525017571774,65.54186541712333,0.95,22.37965175734571,0.1728084369569634,1.7341543051394732,0.5169216597455488,14.753454848418915,-28.553587862619317,0.97,20,-24.529008161102684,3.682748060877202,4.228624346191781,0.5562390969337685,0.742218908527866,0.05,0.4273603069432225,-14.747859196586797,-4.4445686299892255,0.05,0.34743987783030605,20,1.1162016729948845,-0.046983730126066804,0.43746043326771794,20,0.9833333333333333,20,3.682748060877202,0.18333333333333335,0.3375739104623082,0.0,0.0,0.0
directional_error_type,correct_neutral,0,0,0,0.0,0.0,0.0,0.0,0.0,0.0,0.0,0.0,0.0,0.0,0.0,0.0,0.0,0.0,0.0,0.0,0.0,0.0,0,0.0,0.0,0.0,0.0,0.0,0.0,0.0,0.0,0.0,0.0,0.0,0,0.0,0.0,0.0,0,0.0,0,0.0,0.0,0.0,0.0,0.0,0.0
v2_1_diagnostic_group,v2_1_wrong_bull_to_bear,15,15,0,0.0,0.0,0.0,0.0,0.0,0.8049767641765356,0.5008147635810019,1.3057915277575376,1.3057915277575376,-81.46509001681116,1.0,21.876492065193208,0.1844958028496827,-0.7640628074890153,0.47291045355717265,-110.97844854432125,-125.29357559624206,1.0,15,57.90576273022868,3.636762064554447,3.2542552680423547,1.640145008815255,1.8409313325923253,0.0,0.30975097722924927,21.252379197124778,29.210395472958876,0.0,0.24809349203337336,15,0.9032824130196483,-0.018171698335338857,0.39419946476183115,15,1.0,15,3.636762064554447,0.16666666666666666,0.42755271414388324,0.0,0.0,0.0
v2_1_diagnostic_group,v2_1_correct_bull,15,15,15,1.0,0.0,1.0,0.0,0.0,0.6537539142485912,0.4059865135258102,1.0597404277744014,1.0597404277744014,-77.00442199490499,1.0,23.443133070656526,0.11938938289420634,-3.139257160691454,0.33564470861419976,-42.726980337119315,-19.672566693804885,0.9466666666666667,15,74.14852511654705,3.957097810066504,4.093056212058618,1.1362910709495433,0.6084730727869707,0.0,0.3573632852092965,14.391949686340133,7.366383884239864,0.13333333333333333,0.3206628066856409,15,1.2838776836611943,-0.046788630514250446,0.44912942676925033,15,0.9777777777777777,15,3.957097810066504,0.17777777777777776,0.3711827819741008,0.0,0.0,0.0
