model_id,epoch,next_epoch,timestamp,prediction,confidence,score,reason,truth,start_price,end_price,price_difference,round_current_timestamp,round_next_epoch_time,correct,directional_called,directional_correct,bull_called,bear_called,neutral_called,bull_called_bear_truth,bear_called_bull_truth,neutral_called_bull_truth,neutral_called_bear_truth,bull_called_neutral_truth,bear_called_neutral_truth,regime,run_direction,fan_width,alignment,compression_velocity,flip_score,slope_sum,slope_magnitude,ratio_8_23_to_23_53,s23,s53,fan_width_raw,alignment_raw,compression_velocity_raw,flip_score_raw,slope_sign_s23,slope_sign_s53,slope_disagreement,slope_gap,abs_slope_sum,fan_to_slope_ratio,collapse_flag,weak_bull_exhaustion_flag,weak_bear_exhaustion_flag
trend_method_v2_0,320482,320483,2026-03-08T22:58:37.108215,Bear,1.0,-0.7714053834079095,regime=RUN|slope_sum=-0.771405,Bull,66569.16,66630.13,60.97,03/08/2026  10:54:03 PM,03/08/2026  10:58:51 PM,False,True,False,False,True,False,False,True,False,False,False,False,RUN,Bear,39.17893388235825,1.0,5.463240995290107,0.10973074412766093,-0.7714053834079095,0.7714053834079095,0.6245907732640698,-0.5587149838975165,-0.21269039951039304,39.17893388235825,1.0,5.463240995290107,0.10973074412766093,-1,-1,False,0.34602458438712347,0.7714053834079095,50.789033529003675,False,False,False
trend_method_v2_0,320483,320484,2026-03-08T23:03:38.085567,Bull,1.0,2.267938303657502,regime=RUN|slope_sum=2.267938,Bear,66630.13,66570.15,-59.98,03/08/2026  10:59:05 PM,03/08/2026  11:03:52 PM,False,True,False,True,False,False,True,False,False,False,False,False,RUN,Bull,150.32322416818351,1.0,16.616087694084854,0.5095094119284544,2.267938303657502,2.267938303657502,-0.3513397587695664,1.1706706905715691,1.0972676130859327,150.32322416818351,1.0,16.616087694084854,0.5095094119284544,1,1,False,0.07340307748563646,2.267938303657502,66.28188426720313,False,False,False
trend_method_v2_0,320487,320488,2026-03-08T23:23:42.122106,Bear,1.0,-1.939758386082758,regime=RUN|slope_sum=-1.939758,Bull,67335.65,67481.95,146.3,03/08/2026  11:19:09 PM,03/08/2026  11:23:56 PM,False,True,False,False,True,False,False,True,False,False,False,False,RUN,Bear,143.876158557061,1.0,11.908568206330528,0.3178776368067787,-1.939758386082758,1.939758386082758,0.3239391552755062,-0.7815602952832705,-1.1581980907994875,143.876158557061,1.0,11.908568206330528,0.3178776368067787,-1,-1,False,0.376637795516217,1.939758386082758,74.17220597644197,False,False,False
trend_method_v2_0,320497,320498,2026-03-09T00:13:57.107097,Bear,1.0,-0.35292834710344323,regime=RUN|slope_sum=-0.352928,Bull,67215.02,67226.72,11.7,03/09/2026  12:09:24 AM,03/09/2026  12:14:11 AM,False,True,False,False,True,False,False,True,False,False,False,False,RUN,Bear,23.831193382226047,1.0,5.470177979208529,0.08901897707685183,-0.35292834710344323,0.35292834710344323,0.5017817345528071,-0.21608436218593852,-0.1368439849175047,23.831193382226047,1.0,5.470177979208529,0.08901897707685183,-1,-1,False,0.0792403772684338,0.35292834710344323,67.52416907798322,False,False,False
trend_method_v2_0,320501,320502,2026-03-09T00:34:03.097322,Bear,1.0,-0.4563180748191371,regime=RUN|slope_sum=-0.456318,Bull,67351.89,67608.0,256.11,03/09/2026  12:29:28 AM,03/09/2026  12:34:17 AM,False,True,False,False,True,False,False,True,False,False,False,False,RUN,Bear,30.270101396206883,1.0,13.376945549753145,0.024113792875626427,-0.4563180748191371,0.4563180748191371,0.8673477703888139,-0.23891362324138754,-0.21740445157774957,30.270101396206883,1.0,13.376945549753145,0.024113792875626427,-1,-1,False,0.02150917166363797,0.4563180748191371,66.33553011943373,False,False,False
trend_method_v2_0,320504,320505,2026-03-09T00:49:07.121225,Bear,1.0,-0.5049436523258919,regime=RUN|slope_sum=-0.504944,Bull,67488.32,67508.0,19.68,03/09/2026  12:44:32 AM,03/09/2026  12:49:21 AM,False,True,False,False,True,False,False,True,False,False,False,False,RUN,Bear,31.750018525184714,1.0,9.581767399125965,0.08325383251718624,-0.5049436523258919,0.5049436523258919,0.4869596759862586,-0.276467378003872,-0.2284762743220199,31.750018525184714,1.0,9.581767399125965,0.08325383251718624,-1,-1,False,0.04799110368185211,0.5049436523258919,62.87833974927003,False,False,False
trend_method_v2_0,320510,320511,2026-03-09T01:19:14.096216,Bull,1.0,0.5165716427181906,regime=RUN|slope_sum=0.516572,Bear,67169.18,67160.36,-8.82,03/09/2026  01:14:40 AM,03/09/2026  01:19:28 AM,False,True,False,True,False,False,True,False,False,False,False,False,RUN,Bull,27.878105448864517,1.0,7.747599671216449,0.030084397712960786,0.5165716427181906,0.5165716427181906,-0.9560892938306024,0.37545206642971607,0.1411195762884745,27.878105448864517,1.0,7.747599671216449,0.030084397712960786,1,1,False,0.23433249014124158,0.5165716427181906,53.96754901637735,False,False,False
trend_method_v2_0,320514,320515,2026-03-09T01:39:20.097246,Bear,1.0,-0.2812982568375446,regime=RUN|slope_sum=-0.281298,Bull,67382.07,67628.91,246.84,03/09/2026  01:34:46 AM,03/09/2026  01:39:34 AM,False,True,False,False,True,False,False,True,False,False,False,False,RUN,Bear,22.069604089134373,1.0,4.954490854346659,0.05125017556669524,-0.2812982568375446,0.2812982568375446,1.5530647611019537,-0.13381115328957094,-0.14748710354797367,22.069604089134373,1.0,4.954490854346659,0.05125017556669524,-1,-1,False,0.013675950258402736,0.2812982568375446,78.45624191649368,False,False,False
trend_method_v2_0,320519,320520,2026-03-09T02:04:27.123063,Bear,1.0,-0.8237530260412314,regime=RUN|slope_sum=-0.823753,Bull,67888.8,67904.11,15.31,03/09/2026  01:59:53 AM,03/09/2026  02:04:41 AM,False,True,False,False,True,False,False,True,False,False,False,False,RUN,Bear,52.79528790495533,1.0,4.052619439025875,0.1422855641878587,-0.8237530260412314,0.8237530260412314,0.371191720671657,-0.43290828449607943,-0.3908447415451519,52.79528790495533,1.0,4.052619439025875,0.1422855641878587,-1,-1,False,0.04206354295092751,0.8237530260412314,64.09116110768953,False,False,False
trend_method_v2_0,320532,320533,2026-03-09T03:09:43.131070,Bull,1.0,0.4898951270552061,regime=RUN|slope_sum=0.489895,Bear,67253.18,67170.23,-82.95,03/09/2026  03:05:09 AM,03/09/2026  03:09:57 AM,False,True,False,True,False,False,True,False,False,False,False,False,RUN,Bull,33.08296431940107,1.0,17.91288443490339,0.02897860019293147,0.4898951270552061,0.4898951270552061,-1.529838882495506,0.32062678098736797,0.16926834606783814,33.08296431940107,1.0,17.91288443490339,0.02897860019293147,1,1,False,0.15135843491952983,0.4898951270552061,67.53070706839867,False,False,False
trend_method_v2_0,320534,320535,2026-03-09T03:19:47.124910,Bull,1.0,-2.9831548722413572,regime=REVERSAL|slope_sum=-2.983155,Bear,67245.98,67196.58,-49.4,03/09/2026  03:15:12 AM,03/09/2026  03:20:01 AM,False,True,False,True,False,False,True,False,False,False,False,False,REVERSAL,Bear,179.32730947858363,0.0,17.08135042761569,0.5491258430950221,-2.9831548722413572,2.9831548722413572,0.40831350465264166,-1.7849475454913772,-1.19820732674998,179.32730947858363,0.0,17.08135042761569,0.5491258430950221,-1,-1,False,0.5867402187413973,2.9831548722413572,60.113308614060735,False,False,True
trend_method_v2_0,320535,320536,2026-03-09T03:24:49.088164,Bull,1.0,0.9761385066467483,regime=RUN|slope_sum=0.976139,Bear,67196.58,66995.11,-201.47,03/09/2026  03:20:15 AM,03/09/2026  03:25:03 AM,False,True,False,True,False,False,True,False,False,False,False,False,RUN,Bull,60.05387122332468,1.0,5.0062807847280055,0.24148163098101844,0.9761385066467483,0.9761385066467483,-0.29397851195632,0.49513333997674636,0.4810051666700019,60.05387122332468,1.0,5.0062807847280055,0.24148163098101844,1,1,False,0.01412817330674443,0.9761385066467483,61.5218750355654,False,False,False
trend_method_v2_0,320543,320544,2026-03-09T04:04:59.090312,Bear,1.0,-0.4089901314382587,regime=RUN|slope_sum=-0.408990,Bull,67498.6,67547.52,48.92,03/09/2026  04:00:25 AM,03/09/2026  04:05:13 AM,False,True,False,False,True,False,False,True,False,False,False,False,RUN,Bear,28.337066750478698,1.0,-0.7811602251313161,0.09765123469655274,-0.4089901314382587,0.4089901314382587,0.1440188751441499,-0.1540119441524439,-0.2549781872858148,28.337066750478698,1.0,-0.7811602251313161,0.09765123469655274,-1,-1,False,0.10096624313337088,0.4089901314382587,69.28545354096514,False,False,False
trend_method_v2_0,320550,320551,2026-03-09T04:40:09.084121,Bear,1.0,-0.8634650943840825,regime=RUN|slope_sum=-0.863465,Bull,67794.52,67875.67,81.15,03/09/2026  04:35:36 AM,03/09/2026  04:40:23 AM,False,True,False,False,True,False,False,True,False,False,False,False,RUN,Bear,58.33548572316067,1.0,11.799193217753782,0.14482746649688732,-0.8634650943840825,0.8634650943840825,0.4285185497238056,-0.4399128131753969,-0.4235522812086856,58.33548572316067,1.0,11.799193217753782,0.14482746649688732,-1,-1,False,0.016360531966711278,0.8634650943840825,67.55974978325199,False,False,False
trend_method_v2_0,320551,320552,2026-03-09T04:45:11.086817,Bull,1.0,0.32030032805050723,regime=RUN|slope_sum=0.320300,Bear,67875.67,67705.11,-170.56,03/09/2026  04:40:37 AM,03/09/2026  04:45:25 AM,False,True,False,True,False,False,True,False,False,False,False,False,RUN,Bull,32.60800614822074,1.0,-0.07409741630544886,0.027922935569880583,0.32030032805050723,0.32030032805050723,-0.7060071591047921,0.05790317179344129,0.26239715625706594,32.60800614822074,1.0,-0.07409741630544886,0.027922935569880583,1,1,False,0.20449398446362466,0.32030032805050723,101.80447315395467,False,False,False
trend_method_v2_0,320557,320558,2026-03-09T05:15:19.078696,Bull,1.0,1.3025938421906176,regime=RUN|slope_sum=1.302594,Bear,67705.81,67649.05,-56.76,03/09/2026  05:10:46 AM,03/09/2026  05:15:33 AM,False,True,False,True,False,False,True,False,False,False,False,False,RUN,Bull,95.26603476222954,1.0,34.486370453989366,0.13648025299161892,1.3025938421906176,1.3025938421906176,-0.7333715918591069,0.6988634706340235,0.603730371556594,95.26603476222954,1.0,34.486370453989366,0.13648025299161892,1,1,False,0.0951330990774295,1.3025938421906176,73.13564034819734,False,False,False
trend_method_v2_0,320564,320565,2026-03-09T05:50:28.134771,Bear,1.0,-0.5793008130767703,regime=RUN|slope_sum=-0.579301,Bull,68275.66,68392.81,117.15,03/09/2026  05:45:54 AM,03/09/2026  05:50:42 AM,False,True,False,False,True,False,False,True,False,False,False,False,RUN,Bear,50.60504023665271,1.0,-9.642230072335224,0.1392552296596391,-0.5793008130767703,0.5793008130767703,0.03895839991641125,-0.11795618056203239,-0.4613446325147379,50.60504023665271,1.0,-9.642230072335224,0.1392552296596391,-1,-1,False,0.3433884519527055,0.5793008130767703,87.35537581568424,False,False,False
trend_method_v2_0,320572,320573,2026-03-09T06:30:39.086201,Bear,1.0,-1.4965144998750475,regime=RUN|slope_sum=-1.496514,Bull,67881.84,67911.17,29.33,03/09/2026  06:26:04 AM,03/09/2026  06:30:53 AM,False,True,False,False,True,False,False,True,False,False,False,False,RUN,Bear,86.46227945481951,1.0,21.613063484299346,0.21519747194168815,-1.4965144998750475,1.4965144998750475,0.6433196167641827,-0.9942367355743045,-0.502277764300743,86.46227945481951,1.0,21.613063484299346,0.21519747194168815,-1,-1,False,0.4919589712735615,1.4965144998750475,57.77577127521233,False,False,False
trend_method_v2_0,320574,320575,2026-03-09T06:40:41.085219,Bear,1.0,-0.7184484238732693,regime=RUN|slope_sum=-0.718448,Bull,67795.3,67823.15,27.85,03/09/2026  06:36:08 AM,03/09/2026  06:40:55 AM,False,True,False,False,True,False,False,True,False,False,False,False,RUN,Bear,54.049057037671446,1.0,-5.763298606660101,0.2907014781636895,-0.7184484238732693,0.7184484238732693,-0.021818847952701018,-0.21373852827309747,-0.5047098956001719,54.049057037671446,1.0,-5.763298606660101,0.2907014781636895,-1,-1,False,0.2909713673270744,0.7184484238732693,75.23025347635173,False,False,False
trend_method_v2_0,320579,320580,2026-03-09T07:05:48.100502,Bull,1.0,0.21412477449484868,regime=RUN|slope_sum=0.214125,Bear,67622.09,67602.09,-20.0,03/09/2026  07:01:15 AM,03/09/2026  07:06:02 AM,False,True,False,True,False,False,True,False,False,False,False,False,RUN,Bull,24.617225731082726,1.0,1.513343205966521,0.13335840620884915,0.21412477449484868,0.21412477449484868,-49.172252583133144,0.11662216503827949,0.09750260945656919,24.617225731082726,1.0,1.513343205966521,0.13335840620884915,1,1,False,0.0191195555817103,0.21412477449484868,114.96673278072714,False,False,False
trend_method_v2_0,320583,320584,2026-03-09T07:25:54.091051,Bull,1.0,0.491275602407768,regime=RUN|slope_sum=0.491276,Bear,67689.59,67378.86,-310.73,03/09/2026  07:21:21 AM,03/09/2026  07:26:08 AM,False,True,False,True,False,False,True,False,False,False,False,False,RUN,Bull,39.424566608984605,1.0,-0.157173135667108,0.10171394488050801,0.491275602407768,0.491275602407768,-0.13405845051135645,0.09925857998678111,0.3920170224209869,39.424566608984605,1.0,-0.157173135667108,0.10171394488050801,1,1,False,0.2927584424342058,0.491275602407768,80.24938835912612,False,False,False
trend_method_v2_0,320585,320586,2026-03-09T07:35:57.125043,Bull,1.0,1.5517956712446903,regime=RUN|slope_sum=1.551796,Bear,67514.52,67506.0,-8.52,03/09/2026  07:31:24 AM,03/09/2026  07:36:11 AM,False,True,False,True,False,False,True,False,False,False,False,False,RUN,Bull,83.6514298045513,1.0,14.460638951495639,0.23179571782252623,1.5517956712446903,1.5517956712446903,-0.5940220475455424,1.0718176682166813,0.47997800302800897,83.6514298045513,1.0,14.460638951495639,0.23179571782252623,1,1,False,0.5918396651886724,1.5517956712446903,53.906214171518315,False,False,False
trend_method_v2_0,320607,320608,2026-03-09T09:26:26.090489,Bull,1.0,4.988962507717588,regime=RUN|slope_sum=4.988963,Bear,68400.55,68250.09,-150.46,03/09/2026  09:21:53 AM,03/09/2026  09:26:40 AM,False,True,False,True,False,False,True,False,False,False,False,False,RUN,Bull,273.04264334401523,1.0,122.19822940100858,0.48776732678455836,4.988962507717588,4.988962507717588,-0.9850746107313141,3.690057328070907,1.298905179646681,273.04264334401523,1.0,122.19822940100858,0.48776732678455836,1,1,False,2.3911521484242257,4.988962507717588,54.729343610347186,False,False,False
