epoch,truth,pred_v22_base,pred_bear_raw,pred_bear_core_a,pred_bear_win_prevcurr,pred_bear_win_pm1,pred_bear_win_relaxed,trigger_bear_raw,trigger_bear_core_a,trigger_bear_win_prevcurr,trigger_bear_win_pm1,trigger_bear_win_relaxed,override_help_class_bear_raw,override_help_class_bear_core_a,override_help_class_bear_win_prevcurr,override_help_class_bear_win_pm1,override_help_class_bear_win_relaxed,reason_bear_raw,reason_bear_core_a,reason_bear_win_prevcurr,reason_bear_win_pm1,reason_bear_win_relaxed,slow_retention,hinge_torsion,transition_score_v23,ruleb_raw_warning,ruleb_warn_count_3,phase_disagree_count_3,fs_disagree_count_3,fast_alt_3epoch,osc_core_count,osc_core_a,core_window_prevcurr,core_window_pm1,core_window_relaxed,core_window_score_prevcurr,core_window_score_pm1,fan_width_velocity,fan_energy_total,energy_delta
320766,Bear,Bear,Neutral,Bear,Bear,Bear,Bear,1,0,0,0,0,BAD_NEUTRALIZE_RIGHT_BASE,NO_EFFECT,NO_EFFECT,NO_EFFECT,NO_EFFECT,Bear-only RuleB raw|base=Bear|truth=Bear|slow=3.0384|abs_hinge=1.0000|transition=2|phase3=1|fs3=1|fast_alt=0|core_count=0|win_prevcurr=0|win_pm1=0|win_relaxed=0,,,,,3.0384492642879195,1.0,2,1,1,1,1,0,0,0,0,0,0,0,1,-51.772410745266825,6.574459842853685,3.2791429362860076
320801,Bull,Bear,Neutral,Neutral,Neutral,Neutral,Neutral,1,1,1,1,1,GOOD_NEUTRALIZE_WRONG_BASE,GOOD_NEUTRALIZE_WRONG_BASE,GOOD_NEUTRALIZE_WRONG_BASE,GOOD_NEUTRALIZE_WRONG_BASE,GOOD_NEUTRALIZE_WRONG_BASE,Bear-only RuleB raw|base=Bear|truth=Bull|slow=1.1463|abs_hinge=0.1827|transition=1|phase3=2|fs3=2|fast_alt=0|core_count=2|win_prevcurr=1|win_pm1=1|win_relaxed=1,Bear-only RuleB + Core A|base=Bear|truth=Bull|slow=1.1463|abs_hinge=0.1827|transition=1|phase3=2|fs3=2|fast_alt=0|core_count=2|win_prevcurr=1|win_pm1=1|win_relaxed=1,Bear-only RuleB + Window Prev/Curr|base=Bear|truth=Bull|slow=1.1463|abs_hinge=0.1827|transition=1|phase3=2|fs3=2|fast_alt=0|core_count=2|win_prevcurr=1|win_pm1=1|win_relaxed=1,Bear-only RuleB + Window +/-1|base=Bear|truth=Bull|slow=1.1463|abs_hinge=0.1827|transition=1|phase3=2|fs3=2|fast_alt=0|core_count=2|win_prevcurr=1|win_pm1=1|win_relaxed=1,Bear-only RuleB + Window Relaxed|base=Bear|truth=Bull|slow=1.1463|abs_hinge=0.1827|transition=1|phase3=2|fs3=2|fast_alt=0|core_count=2|win_prevcurr=1|win_pm1=1|win_relaxed=1,1.1462925282048673,0.182722298996748,1,1,1,2,2,0,2,1,1,1,1,2,2,72.12525531474967,3.038645795704724,2.471156344139672
320865,Bear,Bear,Neutral,Bear,Neutral,Neutral,Neutral,1,0,1,1,1,BAD_NEUTRALIZE_RIGHT_BASE,NO_EFFECT,BAD_NEUTRALIZE_RIGHT_BASE,BAD_NEUTRALIZE_RIGHT_BASE,BAD_NEUTRALIZE_RIGHT_BASE,Bear-only RuleB raw|base=Bear|truth=Bear|slow=1.1927|abs_hinge=0.1832|transition=1|phase3=1|fs3=1|fast_alt=0|core_count=0|win_prevcurr=1|win_pm1=1|win_relaxed=1,,Bear-only RuleB + Window Prev/Curr|base=Bear|truth=Bear|slow=1.1927|abs_hinge=0.1832|transition=1|phase3=1|fs3=1|fast_alt=0|core_count=0|win_prevcurr=1|win_pm1=1|win_relaxed=1,Bear-only RuleB + Window +/-1|base=Bear|truth=Bear|slow=1.1927|abs_hinge=0.1832|transition=1|phase3=1|fs3=1|fast_alt=0|core_count=0|win_prevcurr=1|win_pm1=1|win_relaxed=1,Bear-only RuleB + Window Relaxed|base=Bear|truth=Bear|slow=1.1927|abs_hinge=0.1832|transition=1|phase3=1|fs3=1|fast_alt=0|core_count=0|win_prevcurr=1|win_pm1=1|win_relaxed=1,1.1927106035764157,0.1832001797052062,1,1,1,1,1,0,0,0,1,1,1,2,2,63.725020629979554,3.5134396478424605,2.1426155653953174
320902,Bear,Bear,Neutral,Bear,Bear,Bear,Bear,1,0,0,0,0,BAD_NEUTRALIZE_RIGHT_BASE,NO_EFFECT,NO_EFFECT,NO_EFFECT,NO_EFFECT,Bear-only RuleB raw|base=Bear|truth=Bear|slow=1.8662|abs_hinge=0.1570|transition=1|phase3=2|fs3=1|fast_alt=0|core_count=1|win_prevcurr=0|win_pm1=0|win_relaxed=0,,,,,1.86619078804506,0.1569945245461283,1,1,3,2,1,0,1,0,0,0,0,1,1,178.61114851028833,8.384646993385104,3.896687247977752
320920,Bull,Bear,Neutral,Bear,Bear,Bear,Bear,1,0,0,0,0,GOOD_NEUTRALIZE_WRONG_BASE,NO_EFFECT,NO_EFFECT,NO_EFFECT,NO_EFFECT,Bear-only RuleB raw|base=Bear|truth=Bull|slow=1.6361|abs_hinge=0.3619|transition=1|phase3=0|fs3=0|fast_alt=0|core_count=0|win_prevcurr=0|win_pm1=0|win_relaxed=0,,,,,1.6361203413198382,0.3619156339245184,1,1,1,0,0,0,0,0,0,0,0,0,1,286.4382001947524,6.407420658448245,0.9907578448419372
320951,Bear,Bear,Neutral,Bear,Bear,Bear,Bear,1,0,0,0,0,BAD_NEUTRALIZE_RIGHT_BASE,NO_EFFECT,NO_EFFECT,NO_EFFECT,NO_EFFECT,Bear-only RuleB raw|base=Bear|truth=Bear|slow=1.7769|abs_hinge=0.3278|transition=1|phase3=1|fs3=0|fast_alt=0|core_count=0|win_prevcurr=0|win_pm1=0|win_relaxed=0,,,,,1.776919004254523,0.3277757102890766,1,1,1,1,0,0,0,0,0,0,0,2,2,220.00379769982828,11.121227975350848,10.241200956490502
320952,Bear,Bear,Neutral,Bear,Bear,Bear,Bear,1,0,0,0,0,BAD_NEUTRALIZE_RIGHT_BASE,NO_EFFECT,NO_EFFECT,NO_EFFECT,NO_EFFECT,Bear-only RuleB raw|base=Bear|truth=Bear|slow=2.3925|abs_hinge=0.2937|transition=1|phase3=1|fs3=0|fast_alt=0|core_count=0|win_prevcurr=0|win_pm1=0|win_relaxed=0,,,,,2.3925164162956207,0.2937342743853561,1,1,2,1,0,0,0,0,0,0,0,0,0,-13.232593271604856,8.156371310878967,-2.9648566644718812
320956,Bull,Bear,Neutral,Neutral,Neutral,Neutral,Neutral,1,1,1,1,1,GOOD_NEUTRALIZE_WRONG_BASE,GOOD_NEUTRALIZE_WRONG_BASE,GOOD_NEUTRALIZE_WRONG_BASE,GOOD_NEUTRALIZE_WRONG_BASE,GOOD_NEUTRALIZE_WRONG_BASE,Bear-only RuleB raw|base=Bear|truth=Bull|slow=1.5191|abs_hinge=0.2512|transition=1|phase3=2|fs3=2|fast_alt=1|core_count=3|win_prevcurr=1|win_pm1=1|win_relaxed=1,Bear-only RuleB + Core A|base=Bear|truth=Bull|slow=1.5191|abs_hinge=0.2512|transition=1|phase3=2|fs3=2|fast_alt=1|core_count=3|win_prevcurr=1|win_pm1=1|win_relaxed=1,Bear-only RuleB + Window Prev/Curr|base=Bear|truth=Bull|slow=1.5191|abs_hinge=0.2512|transition=1|phase3=2|fs3=2|fast_alt=1|core_count=3|win_prevcurr=1|win_pm1=1|win_relaxed=1,Bear-only RuleB + Window +/-1|base=Bear|truth=Bull|slow=1.5191|abs_hinge=0.2512|transition=1|phase3=2|fs3=2|fast_alt=1|core_count=3|win_prevcurr=1|win_pm1=1|win_relaxed=1,Bear-only RuleB + Window Relaxed|base=Bear|truth=Bull|slow=1.5191|abs_hinge=0.2512|transition=1|phase3=2|fs3=2|fast_alt=1|core_count=3|win_prevcurr=1|win_pm1=1|win_relaxed=1,1.5191107462997024,0.2512385890129943,1,1,1,2,2,1,3,1,1,1,1,3,3,112.56675571174128,5.351332768341308,3.031156655119048
320992,Bull,Bear,Neutral,Bear,Neutral,Neutral,Neutral,1,0,1,1,1,GOOD_NEUTRALIZE_WRONG_BASE,NO_EFFECT,GOOD_NEUTRALIZE_WRONG_BASE,GOOD_NEUTRALIZE_WRONG_BASE,GOOD_NEUTRALIZE_WRONG_BASE,Bear-only RuleB raw|base=Bear|truth=Bull|slow=1.9227|abs_hinge=0.4853|transition=1|phase3=1|fs3=1|fast_alt=0|core_count=0|win_prevcurr=1|win_pm1=1|win_relaxed=1,,Bear-only RuleB + Window Prev/Curr|base=Bear|truth=Bull|slow=1.9227|abs_hinge=0.4853|transition=1|phase3=1|fs3=1|fast_alt=0|core_count=0|win_prevcurr=1|win_pm1=1|win_relaxed=1,Bear-only RuleB + Window +/-1|base=Bear|truth=Bull|slow=1.9227|abs_hinge=0.4853|transition=1|phase3=1|fs3=1|fast_alt=0|core_count=0|win_prevcurr=1|win_pm1=1|win_relaxed=1,Bear-only RuleB + Window Relaxed|base=Bear|truth=Bull|slow=1.9227|abs_hinge=0.4853|transition=1|phase3=1|fs3=1|fast_alt=0|core_count=0|win_prevcurr=1|win_pm1=1|win_relaxed=1,1.9226985563527703,0.4853152036239559,1,1,1,1,1,0,0,0,1,1,1,2,2,93.52960981606157,3.704635541425887,2.772527430055561
320997,Bull,Bear,Neutral,Bear,Bear,Bear,Bear,1,0,0,0,0,GOOD_NEUTRALIZE_WRONG_BASE,NO_EFFECT,NO_EFFECT,NO_EFFECT,NO_EFFECT,Bear-only RuleB raw|base=Bear|truth=Bull|slow=1.1130|abs_hinge=0.2932|transition=1|phase3=0|fs3=0|fast_alt=0|core_count=0|win_prevcurr=0|win_pm1=0|win_relaxed=0,,,,,1.1129530002544925,0.2932370400084516,1,1,1,0,0,0,0,0,0,0,0,0,1,103.2797543821216,5.54362598957232,4.076694605884768
321088,Bear,Bear,Neutral,Bear,Bear,Bear,Bear,1,0,0,0,0,BAD_NEUTRALIZE_RIGHT_BASE,NO_EFFECT,NO_EFFECT,NO_EFFECT,NO_EFFECT,Bear-only RuleB raw|base=Bear|truth=Bear|slow=2.6127|abs_hinge=0.2744|transition=1|phase3=1|fs3=1|fast_alt=0|core_count=0|win_prevcurr=0|win_pm1=0|win_relaxed=0,,,,,2.6127171132484364,0.2744220533977932,1,1,1,1,1,0,0,0,0,0,0,0,0,187.37434848587145,13.42692248122512,11.272714135991919
321170,Bull,Bear,Neutral,Bear,Bear,Bear,Bear,1,0,0,0,0,GOOD_NEUTRALIZE_WRONG_BASE,NO_EFFECT,NO_EFFECT,NO_EFFECT,NO_EFFECT,Bear-only RuleB raw|base=Bear|truth=Bull|slow=1.9026|abs_hinge=0.1618|transition=1|phase3=0|fs3=0|fast_alt=0|core_count=0|win_prevcurr=0|win_pm1=0|win_relaxed=0,,,,,1.9026312620244423,0.1617608164018711,1,1,1,0,0,0,0,0,0,0,0,0,1,206.55452258815055,4.5385914665566816,0.8168129094647156
321186,Bear,Bear,Neutral,Bear,Bear,Bear,Neutral,1,0,0,0,1,BAD_NEUTRALIZE_RIGHT_BASE,NO_EFFECT,NO_EFFECT,NO_EFFECT,BAD_NEUTRALIZE_RIGHT_BASE,Bear-only RuleB raw|base=Bear|truth=Bear|slow=1.9949|abs_hinge=0.2108|transition=1|phase3=1|fs3=2|fast_alt=0|core_count=1|win_prevcurr=0|win_pm1=0|win_relaxed=1,,,,Bear-only RuleB + Window Relaxed|base=Bear|truth=Bear|slow=1.9949|abs_hinge=0.2108|transition=1|phase3=1|fs3=2|fast_alt=0|core_count=1|win_prevcurr=0|win_pm1=0|win_relaxed=1,1.994928927382716,0.210832087757578,1,1,3,1,2,0,1,0,0,0,1,1,1,49.12752367496432,5.943570498602639,1.9686615227765283
321189,Bull,Bear,Neutral,Bear,Bear,Bear,Bear,1,0,0,0,0,GOOD_NEUTRALIZE_WRONG_BASE,NO_EFFECT,NO_EFFECT,NO_EFFECT,NO_EFFECT,Bear-only RuleB raw|base=Bear|truth=Bull|slow=1.7458|abs_hinge=0.1897|transition=1|phase3=1|fs3=1|fast_alt=0|core_count=0|win_prevcurr=0|win_pm1=0|win_relaxed=0,,,,,1.745798753163399,0.1896690382169991,1,1,3,1,1,0,0,0,0,0,0,1,1,77.59275710354268,3.619782517183921,-0.7904445564818166
321230,Bear,Bear,Neutral,Bear,Neutral,Neutral,Neutral,1,0,1,1,1,BAD_NEUTRALIZE_RIGHT_BASE,NO_EFFECT,BAD_NEUTRALIZE_RIGHT_BASE,BAD_NEUTRALIZE_RIGHT_BASE,BAD_NEUTRALIZE_RIGHT_BASE,Bear-only RuleB raw|base=Bear|truth=Bear|slow=2.1674|abs_hinge=0.3745|transition=1|phase3=1|fs3=1|fast_alt=0|core_count=0|win_prevcurr=1|win_pm1=1|win_relaxed=1,,Bear-only RuleB + Window Prev/Curr|base=Bear|truth=Bear|slow=2.1674|abs_hinge=0.3745|transition=1|phase3=1|fs3=1|fast_alt=0|core_count=0|win_prevcurr=1|win_pm1=1|win_relaxed=1,Bear-only RuleB + Window +/-1|base=Bear|truth=Bear|slow=2.1674|abs_hinge=0.3745|transition=1|phase3=1|fs3=1|fast_alt=0|core_count=0|win_prevcurr=1|win_pm1=1|win_relaxed=1,Bear-only RuleB + Window Relaxed|base=Bear|truth=Bear|slow=2.1674|abs_hinge=0.3745|transition=1|phase3=1|fs3=1|fast_alt=0|core_count=0|win_prevcurr=1|win_pm1=1|win_relaxed=1,2.167359932764157,0.3744731433445593,1,1,1,1,1,0,0,0,1,1,1,3,3,144.2236998984445,6.654064754642604,4.058886228320262
321234,Bull,Bear,Neutral,Neutral,Neutral,Neutral,Neutral,1,1,1,1,1,GOOD_NEUTRALIZE_WRONG_BASE,GOOD_NEUTRALIZE_WRONG_BASE,GOOD_NEUTRALIZE_WRONG_BASE,GOOD_NEUTRALIZE_WRONG_BASE,GOOD_NEUTRALIZE_WRONG_BASE,Bear-only RuleB raw|base=Bear|truth=Bull|slow=1.8311|abs_hinge=0.7937|transition=2|phase3=0|fs3=2|fast_alt=1|core_count=2|win_prevcurr=1|win_pm1=1|win_relaxed=1,Bear-only RuleB + Core A|base=Bear|truth=Bull|slow=1.8311|abs_hinge=0.7937|transition=2|phase3=0|fs3=2|fast_alt=1|core_count=2|win_prevcurr=1|win_pm1=1|win_relaxed=1,Bear-only RuleB + Window Prev/Curr|base=Bear|truth=Bull|slow=1.8311|abs_hinge=0.7937|transition=2|phase3=0|fs3=2|fast_alt=1|core_count=2|win_prevcurr=1|win_pm1=1|win_relaxed=1,Bear-only RuleB + Window +/-1|base=Bear|truth=Bull|slow=1.8311|abs_hinge=0.7937|transition=2|phase3=0|fs3=2|fast_alt=1|core_count=2|win_prevcurr=1|win_pm1=1|win_relaxed=1,Bear-only RuleB + Window Relaxed|base=Bear|truth=Bull|slow=1.8311|abs_hinge=0.7937|transition=2|phase3=0|fs3=2|fast_alt=1|core_count=2|win_prevcurr=1|win_pm1=1|win_relaxed=1,1.831069725421912,0.793730193545626,2,1,1,0,2,1,2,1,1,1,1,2,2,-31.61250585768721,3.4981122072003927,-1.8945810035984323
321247,Bear,Bear,Neutral,Bear,Bear,Bear,Bear,1,0,0,0,0,BAD_NEUTRALIZE_RIGHT_BASE,NO_EFFECT,NO_EFFECT,NO_EFFECT,NO_EFFECT,Bear-only RuleB raw|base=Bear|truth=Bear|slow=1.0225|abs_hinge=0.2769|transition=1|phase3=0|fs3=0|fast_alt=0|core_count=0|win_prevcurr=0|win_pm1=0|win_relaxed=0,,,,,1.0225111967756677,0.2768523311715466,1,1,1,0,0,0,0,0,0,0,0,0,0,35.54764083508053,5.122541876497053,2.338332085950242
321304,Bull,Bear,Neutral,Bear,Bear,Bear,Bear,1,0,0,0,0,GOOD_NEUTRALIZE_WRONG_BASE,NO_EFFECT,NO_EFFECT,NO_EFFECT,NO_EFFECT,Bear-only RuleB raw|base=Bear|truth=Bull|slow=1.4339|abs_hinge=0.2392|transition=1|phase3=0|fs3=1|fast_alt=1|core_count=1|win_prevcurr=0|win_pm1=0|win_relaxed=0,,,,,1.4339076306314382,0.2391922753233023,1,1,1,0,1,1,1,0,0,0,0,1,1,131.89142111249384,4.748911750368279,3.4570962557518214
321341,Bull,Bear,Neutral,Bear,Bear,Neutral,Bear,1,0,0,1,0,GOOD_NEUTRALIZE_WRONG_BASE,NO_EFFECT,NO_EFFECT,GOOD_NEUTRALIZE_WRONG_BASE,NO_EFFECT,Bear-only RuleB raw|base=Bear|truth=Bull|slow=1.9799|abs_hinge=0.2126|transition=1|phase3=2|fs3=1|fast_alt=0|core_count=1|win_prevcurr=0|win_pm1=1|win_relaxed=0,,,Bear-only RuleB + Window +/-1|base=Bear|truth=Bull|slow=1.9799|abs_hinge=0.2126|transition=1|phase3=2|fs3=1|fast_alt=0|core_count=1|win_prevcurr=0|win_pm1=1|win_relaxed=0,,1.97990277538338,0.2125949170883987,1,1,1,2,1,0,1,0,0,1,0,1,2,91.62962656440504,3.212731818457541,2.549237978904784
321371,Bull,Bear,Neutral,Bear,Bear,Bear,Bear,1,0,0,0,0,GOOD_NEUTRALIZE_WRONG_BASE,NO_EFFECT,NO_EFFECT,NO_EFFECT,NO_EFFECT,Bear-only RuleB raw|base=Bear|truth=Bull|slow=1.2457|abs_hinge=0.2598|transition=1|phase3=1|fs3=1|fast_alt=1|core_count=1|win_prevcurr=0|win_pm1=0|win_relaxed=0,,,,,1.2457472309597506,0.2597700865159475,1,1,1,1,1,1,1,0,0,0,0,1,1,67.7814308473171,2.335890005469992,1.6151390668128447
321465,Bear,Bear,Neutral,Bear,Bear,Bear,Bear,1,0,0,0,0,BAD_NEUTRALIZE_RIGHT_BASE,NO_EFFECT,NO_EFFECT,NO_EFFECT,NO_EFFECT,Bear-only RuleB raw|base=Bear|truth=Bear|slow=1.4759|abs_hinge=0.2487|transition=1|phase3=1|fs3=1|fast_alt=0|core_count=0|win_prevcurr=0|win_pm1=0|win_relaxed=0,,,,,1.4759078175775358,0.2486709921445306,1,1,1,1,1,0,0,0,0,0,0,0,0,115.40573688542644,6.272730306012818,5.30486843034123
321466,Bear,Bear,Neutral,Bear,Bear,Bear,Bear,1,0,0,0,0,BAD_NEUTRALIZE_RIGHT_BASE,NO_EFFECT,NO_EFFECT,NO_EFFECT,NO_EFFECT,Bear-only RuleB raw|base=Bear|truth=Bear|slow=2.0581|abs_hinge=0.2675|transition=1|phase3=1|fs3=1|fast_alt=0|core_count=0|win_prevcurr=0|win_pm1=0|win_relaxed=0,,,,,2.058079041571545,0.2675070331357913,1,1,2,1,1,0,0,0,0,0,0,0,0,40.38394291276927,7.685955372413446,1.4132250664006278
321480,Bear,Bear,Neutral,Bear,Neutral,Neutral,Neutral,1,0,1,1,1,BAD_NEUTRALIZE_RIGHT_BASE,NO_EFFECT,BAD_NEUTRALIZE_RIGHT_BASE,BAD_NEUTRALIZE_RIGHT_BASE,BAD_NEUTRALIZE_RIGHT_BASE,Bear-only RuleB raw|base=Bear|truth=Bear|slow=2.7716|abs_hinge=0.1608|transition=1|phase3=1|fs3=2|fast_alt=0|core_count=1|win_prevcurr=1|win_pm1=1|win_relaxed=1,,Bear-only RuleB + Window Prev/Curr|base=Bear|truth=Bear|slow=2.7716|abs_hinge=0.1608|transition=1|phase3=1|fs3=2|fast_alt=0|core_count=1|win_prevcurr=1|win_pm1=1|win_relaxed=1,Bear-only RuleB + Window +/-1|base=Bear|truth=Bear|slow=2.7716|abs_hinge=0.1608|transition=1|phase3=1|fs3=2|fast_alt=0|core_count=1|win_prevcurr=1|win_pm1=1|win_relaxed=1,Bear-only RuleB + Window Relaxed|base=Bear|truth=Bear|slow=2.7716|abs_hinge=0.1608|transition=1|phase3=1|fs3=2|fast_alt=0|core_count=1|win_prevcurr=1|win_pm1=1|win_relaxed=1,2.771633169550114,0.1608092361315853,1,1,1,1,2,0,1,0,1,1,1,3,3,196.51449300377865,7.022866108976814,5.451289359007205
321499,Bull,Bear,Neutral,Bear,Neutral,Neutral,Neutral,1,0,1,1,1,GOOD_NEUTRALIZE_WRONG_BASE,NO_EFFECT,GOOD_NEUTRALIZE_WRONG_BASE,GOOD_NEUTRALIZE_WRONG_BASE,GOOD_NEUTRALIZE_WRONG_BASE,Bear-only RuleB raw|base=Bear|truth=Bull|slow=1.7431|abs_hinge=0.2227|transition=1|phase3=1|fs3=1|fast_alt=0|core_count=0|win_prevcurr=1|win_pm1=1|win_relaxed=1,,Bear-only RuleB + Window Prev/Curr|base=Bear|truth=Bull|slow=1.7431|abs_hinge=0.2227|transition=1|phase3=1|fs3=1|fast_alt=0|core_count=0|win_prevcurr=1|win_pm1=1|win_relaxed=1,Bear-only RuleB + Window +/-1|base=Bear|truth=Bull|slow=1.7431|abs_hinge=0.2227|transition=1|phase3=1|fs3=1|fast_alt=0|core_count=0|win_prevcurr=1|win_pm1=1|win_relaxed=1,Bear-only RuleB + Window Relaxed|base=Bear|truth=Bull|slow=1.7431|abs_hinge=0.2227|transition=1|phase3=1|fs3=1|fast_alt=0|core_count=0|win_prevcurr=1|win_pm1=1|win_relaxed=1,1.7431309231815248,0.2227466203609453,1,1,1,1,1,0,0,0,1,1,1,2,2,181.41582222952275,8.272951665278015,6.761282748368103
321603,Bear,Bear,Neutral,Bear,Bear,Bear,Bear,1,0,0,0,0,BAD_NEUTRALIZE_RIGHT_BASE,NO_EFFECT,NO_EFFECT,NO_EFFECT,NO_EFFECT,Bear-only RuleB raw|base=Bear|truth=Bear|slow=1.0870|abs_hinge=0.3826|transition=1|phase3=0|fs3=2|fast_alt=0|core_count=1|win_prevcurr=0|win_pm1=0|win_relaxed=0,,,,,1.0869682731008652,0.3826094751213276,1,1,3,0,2,0,1,0,0,0,0,1,1,29.887637592139072,6.785773390221948,3.8637532363391074
321610,Bull,Bear,Neutral,Bear,Bear,Bear,Bear,1,0,0,0,0,GOOD_NEUTRALIZE_WRONG_BASE,NO_EFFECT,NO_EFFECT,NO_EFFECT,NO_EFFECT,Bear-only RuleB raw|base=Bear|truth=Bull|slow=1.2981|abs_hinge=0.3326|transition=1|phase3=0|fs3=1|fast_alt=0|core_count=0|win_prevcurr=0|win_pm1=0|win_relaxed=0,,,,,1.2980760016143904,0.3325768538410291,1,1,1,0,1,0,0,0,0,0,0,0,0,1.256376150646247,2.0474751897399983,-0.224608519618414
321704,Bear,Bear,Neutral,Bear,Bear,Bear,Bear,1,0,0,0,0,BAD_NEUTRALIZE_RIGHT_BASE,NO_EFFECT,NO_EFFECT,NO_EFFECT,NO_EFFECT,Bear-only RuleB raw|base=Bear|truth=Bear|slow=1.6690|abs_hinge=0.2197|transition=1|phase3=1|fs3=1|fast_alt=0|core_count=0|win_prevcurr=0|win_pm1=0|win_relaxed=0,,,,,1.6689963041008014,0.2197358436309681,1,1,1,1,1,0,0,0,0,0,0,0,0,100.67435279862548,5.741917063678557,4.52508678250706
